linha;status;motivo;researcher_id;universidade;institution_id;identity_territory;workload;city_id
2;atualizado;;947d0376-e8a4-497a-b2f6-9efea5b7c859;UFRB;73cdfd5f-e313-42c9-a90d-38ed38260d48;RECÔNCAVO;40.0;32950a66-6cc5-4621-a4ba-a071bbd866e1
3;atualizado;;09ec89b8-89f5-4421-b834-bfbfd2b93c9d;UFRB;73cdfd5f-e313-42c9-a90d-38ed38260d48;RECÔNCAVO;40.0;32950a66-6cc5-4621-a4ba-a071bbd866e1
4;atualizado;;a2bc4c4f-d6a1-4088-8c44-b9beccacd108;UFRB;73cdfd5f-e313-42c9-a90d-38ed38260d48;RECÔNCAVO;40.0;32950a66-6cc5-4621-a4ba-a071bbd866e1
5;atualizado;;a9b5824b-48e6-40f0-8b42-1de7b6236d52;UFRB;73cdfd5f-e313-42c9-a90d-38ed38260d48;RECÔNCAVO;40.0;32950a66-6cc5-4621-a4ba-a071bbd866e1
6;atualizado;;a48b4cc8-0898-445d-82a9-24062a94f0f1;UFRB;73cdfd5f-e313-42c9-a90d-38ed38260d48;RECÔNCAVO;40.0;32950a66-6cc5-4621-a4ba-a071bbd866e1
7;atualizado;;0d3e3950-74fc-4dc4-bd60-e801c00cc116;UFRB;73cdfd5f-e313-42c9-a90d-38ed38260d48;RECÔNCAVO;40.0;32950a66-6cc5-4621-a4ba-a071bbd866e1
8;atualizado;;98e530d8-7f2e-463f-a9b6-adedbd89a084;UFRB;73cdfd5f-e313-42c9-a90d-38ed38260d48;RECÔNCAVO;40.0;32950a66-6cc5-4621-a4ba-a071bbd866e1
9;atualizado;;7dd1d09f-e469-4dc4-bddd-9d7ff460daef;UFRB;73cdfd5f-e313-42c9-a90d-38ed38260d48;RECÔNCAVO;40.0;32950a66-6cc5-4621-a4ba-a071bbd866e1
10;ignorado;Pesquisador vinculado a outra universidade.;;UFRB;73cdfd5f-e313-42c9-a90d-38ed38260d48;;;
11;atualizado;;09e12595-efea-4ea4-a3bb-5698086c4d3b;UFRB;73cdfd5f-e313-42c9-a90d-38ed38260d48;RECÔNCAVO;40.0;32950a66-6cc5-4621-a4ba-a071bbd866e1
12;atualizado;;c46dfa16-1e58-4bd8-b66a-cc4c9fc5f18e;UFRB;73cdfd5f-e313-42c9-a90d-38ed38260d48;RECÔNCAVO;40.0;32950a66-6cc5-4621-a4ba-a071bbd866e1
13;atualizado;;ad90bd61-e23e-4e00-9242-44672c96d5a0;UFRB;73cdfd5f-e313-42c9-a90d-38ed38260d48;RECÔNCAVO;40.0;32950a66-6cc5-4621-a4ba-a071bbd866e1
14;atualizado;;7222a78a-e0eb-457e-80af-d515f7b95442;UFRB;73cdfd5f-e313-42c9-a90d-38ed38260d48;RECÔNCAVO;40.0;32950a66-6cc5-4621-a4ba-a071bbd866e1
15;atualizado;;f492f5ea-3271-49a0-9062-10088cc65d99;UFRB;73cdfd5f-e313-42c9-a90d-38ed38260d48;RECÔNCAVO;40.0;32950a66-6cc5-4621-a4ba-a071bbd866e1
16;atualizado;;5304a88e-0538-4a4d-b8a0-4b2e6a9f1e00;UFRB;73cdfd5f-e313-42c9-a90d-38ed38260d48;RECÔNCAVO;40.0;32950a66-6cc5-4621-a4ba-a071bbd866e1
17;ignorado;Pesquisador vinculado a outra universidade.;;UFRB;73cdfd5f-e313-42c9-a90d-38ed38260d48;;;
18;atualizado;;987ad93c-4e76-4b1a-bfa2-ccc21ffc294a;UFRB;73cdfd5f-e313-42c9-a90d-38ed38260d48;RECÔNCAVO;40.0;32950a66-6cc5-4621-a4ba-a071bbd866e1
19;atualizado;;5ddd8706-2d29-4725-8d5e-5630deadcf4b;UFRB;73cdfd5f-e313-42c9-a90d-38ed38260d48;RECÔNCAVO;40.0;32950a66-6cc5-4621-a4ba-a071bbd866e1
20;atualizado;;fa8d636b-59be-4ed5-b6bb-3160ca309cb1;UFRB;73cdfd5f-e313-42c9-a90d-38ed38260d48;RECÔNCAVO;40.0;32950a66-6cc5-4621-a4ba-a071bbd866e1
21;atualizado;;9780ceb1-a991-45a1-97a9-69d7f1c4e213;UFRB;73cdfd5f-e313-42c9-a90d-38ed38260d48;RECÔNCAVO;40.0;32950a66-6cc5-4621-a4ba-a071bbd866e1
22;atualizado;;f00f23f6-90b5-4097-8ba0-27e42691f3bd;UFRB;73cdfd5f-e313-42c9-a90d-38ed38260d48;RECÔNCAVO;40.0;32950a66-6cc5-4621-a4ba-a071bbd866e1
23;atualizado;;7851d7b9-d91a-434e-9550-7dc152240567;UFRB;73cdfd5f-e313-42c9-a90d-38ed38260d48;RECÔNCAVO;40.0;32950a66-6cc5-4621-a4ba-a071bbd866e1
24;atualizado;;1520e94a-c45a-4d36-a451-251cc25513fd;UFRB;73cdfd5f-e313-42c9-a90d-38ed38260d48;RECÔNCAVO;40.0;32950a66-6cc5-4621-a4ba-a071bbd866e1
25;atualizado;;7dae6876-b67e-43c9-8375-9ac15553b1fd;UFRB;73cdfd5f-e313-42c9-a90d-38ed38260d48;RECÔNCAVO;40.0;32950a66-6cc5-4621-a4ba-a071bbd866e1
26;atualizado;;0b1f124c-6101-41a9-a486-581014bf09e0;UFRB;73cdfd5f-e313-42c9-a90d-38ed38260d48;RECÔNCAVO;40.0;32950a66-6cc5-4621-a4ba-a071bbd866e1
27;atualizado;;f8d20802-0be1-4f19-81b9-8c554b3596ca;UFRB;73cdfd5f-e313-42c9-a90d-38ed38260d48;RECÔNCAVO;40.0;32950a66-6cc5-4621-a4ba-a071bbd866e1
28;atualizado;;55e6e689-d9d5-4e36-865d-47a88e565b58;UFRB;73cdfd5f-e313-42c9-a90d-38ed38260d48;RECÔNCAVO;40.0;32950a66-6cc5-4621-a4ba-a071bbd866e1
29;atualizado;;b66d4ae6-8ec1-42ce-9310-7ed44f35305d;UFRB;73cdfd5f-e313-42c9-a90d-38ed38260d48;RECÔNCAVO;40.0;32950a66-6cc5-4621-a4ba-a071bbd866e1
30;atualizado;;f9e75109-2668-4666-9f80-bc7d29a0abb3;UFRB;73cdfd5f-e313-42c9-a90d-38ed38260d48;RECÔNCAVO;40.0;32950a66-6cc5-4621-a4ba-a071bbd866e1
31;atualizado;;eb5d19fe-0013-4ea6-bf2f-dc29d387af20;UFRB;73cdfd5f-e313-42c9-a90d-38ed38260d48;RECÔNCAVO;40.0;32950a66-6cc5-4621-a4ba-a071bbd866e1
32;atualizado;;9d0d01e0-ba90-4f1c-b48b-eb5598f99876;UFRB;73cdfd5f-e313-42c9-a90d-38ed38260d48;RECÔNCAVO;40.0;32950a66-6cc5-4621-a4ba-a071bbd866e1
33;atualizado;;d5dda74f-4115-4816-92c4-ef3518a873b6;UFRB;73cdfd5f-e313-42c9-a90d-38ed38260d48;RECÔNCAVO;40.0;32950a66-6cc5-4621-a4ba-a071bbd866e1
34;atualizado;;c14134f8-cfe1-480a-bcee-d9c1f422d338;UFRB;73cdfd5f-e313-42c9-a90d-38ed38260d48;RECÔNCAVO;40.0;32950a66-6cc5-4621-a4ba-a071bbd866e1
35;atualizado;;939abbfd-df65-4491-a228-3a309011ec39;UFRB;73cdfd5f-e313-42c9-a90d-38ed38260d48;RECÔNCAVO;40.0;32950a66-6cc5-4621-a4ba-a071bbd866e1
36;atualizado;;62f06a24-7e43-4848-8f43-3df7a37151bf;UFRB;73cdfd5f-e313-42c9-a90d-38ed38260d48;RECÔNCAVO;40.0;32950a66-6cc5-4621-a4ba-a071bbd866e1
37;atualizado;;06730fba-feab-4972-9bc2-e97bc42bcfca;UFRB;73cdfd5f-e313-42c9-a90d-38ed38260d48;RECÔNCAVO;40.0;32950a66-6cc5-4621-a4ba-a071bbd866e1
38;atualizado;;44716860-83ed-47c3-ae34-f1e4aafd0c45;UFRB;73cdfd5f-e313-42c9-a90d-38ed38260d48;RECÔNCAVO;40.0;32950a66-6cc5-4621-a4ba-a071bbd866e1
39;atualizado;;bcbfd133-a244-48f8-a088-e357bea03039;UFRB;73cdfd5f-e313-42c9-a90d-38ed38260d48;RECÔNCAVO;40.0;32950a66-6cc5-4621-a4ba-a071bbd866e1
40;atualizado;;6064adac-e7c4-4652-9439-aa5822f5ae01;UFRB;73cdfd5f-e313-42c9-a90d-38ed38260d48;RECÔNCAVO;40.0;32950a66-6cc5-4621-a4ba-a071bbd866e1
41;atualizado;;c78bc821-606d-42e4-8ee1-0021bf1b10e6;UFRB;73cdfd5f-e313-42c9-a90d-38ed38260d48;RECÔNCAVO;40.0;32950a66-6cc5-4621-a4ba-a071bbd866e1
42;ignorado;Pesquisador vinculado a outra universidade.;;UFRB;73cdfd5f-e313-42c9-a90d-38ed38260d48;;;
43;atualizado;;66724b06-18af-4893-a6e1-0def0af04d61;UFRB;73cdfd5f-e313-42c9-a90d-38ed38260d48;RECÔNCAVO;40.0;32950a66-6cc5-4621-a4ba-a071bbd866e1
44;atualizado;;55c54f56-c259-419e-a54b-c53fc2223471;UFRB;73cdfd5f-e313-42c9-a90d-38ed38260d48;RECÔNCAVO;40.0;32950a66-6cc5-4621-a4ba-a071bbd866e1
45;atualizado;;ac7bfc4a-deda-4745-98a1-af400139574c;UFRB;73cdfd5f-e313-42c9-a90d-38ed38260d48;RECÔNCAVO;40.0;32950a66-6cc5-4621-a4ba-a071bbd866e1
46;atualizado;;9a3e9be7-33a8-451b-a22a-ea0fb96f9ec4;UFRB;73cdfd5f-e313-42c9-a90d-38ed38260d48;RECÔNCAVO;40.0;32950a66-6cc5-4621-a4ba-a071bbd866e1
47;atualizado;;14f4c5f1-ea93-4b64-b1e4-1f081af9dc8d;UFRB;73cdfd5f-e313-42c9-a90d-38ed38260d48;RECÔNCAVO;40.0;32950a66-6cc5-4621-a4ba-a071bbd866e1
48;atualizado;;798fb818-d904-492e-98cf-693ac492dfbb;UFRB;73cdfd5f-e313-42c9-a90d-38ed38260d48;RECÔNCAVO;40.0;32950a66-6cc5-4621-a4ba-a071bbd866e1
49;atualizado;;9a4dab9a-7f58-4277-a554-9ad422b19af5;UFRB;73cdfd5f-e313-42c9-a90d-38ed38260d48;RECÔNCAVO;40.0;32950a66-6cc5-4621-a4ba-a071bbd866e1
50;atualizado;;18b76c00-d32b-46b2-99cd-3f3fc6206885;UFRB;73cdfd5f-e313-42c9-a90d-38ed38260d48;RECÔNCAVO;40.0;32950a66-6cc5-4621-a4ba-a071bbd866e1
51;atualizado;;b29b1679-cc7b-4b24-ae4b-30249beca78b;UFRB;73cdfd5f-e313-42c9-a90d-38ed38260d48;RECÔNCAVO;40.0;32950a66-6cc5-4621-a4ba-a071bbd866e1
52;atualizado;;dfe401ea-6675-4e11-aefa-78da2d7a8dcf;UFRB;73cdfd5f-e313-42c9-a90d-38ed38260d48;RECÔNCAVO;40.0;32950a66-6cc5-4621-a4ba-a071bbd866e1
53;atualizado;;d379454f-c509-43c9-875b-1b9b98b112da;UFRB;73cdfd5f-e313-42c9-a90d-38ed38260d48;RECÔNCAVO;40.0;32950a66-6cc5-4621-a4ba-a071bbd866e1
54;atualizado;;5d731f49-08af-4e86-9a03-3058d63105f8;UFRB;73cdfd5f-e313-42c9-a90d-38ed38260d48;RECÔNCAVO;40.0;32950a66-6cc5-4621-a4ba-a071bbd866e1
55;atualizado;;7469c699-5f15-4ad0-9bcc-51e2f023cb16;UFRB;73cdfd5f-e313-42c9-a90d-38ed38260d48;RECÔNCAVO;40.0;32950a66-6cc5-4621-a4ba-a071bbd866e1
56;atualizado;;7e8ee69d-3d4c-49b1-ae58-31d6bf0cd9b6;UFRB;73cdfd5f-e313-42c9-a90d-38ed38260d48;RECÔNCAVO;40.0;32950a66-6cc5-4621-a4ba-a071bbd866e1
57;atualizado;;57d754ca-d6f9-41fa-bde9-cd95ef212508;UFRB;73cdfd5f-e313-42c9-a90d-38ed38260d48;RECÔNCAVO;40.0;32950a66-6cc5-4621-a4ba-a071bbd866e1
58;atualizado;;252c109b-ff16-446b-ba10-c784f8bb1fb2;UFRB;73cdfd5f-e313-42c9-a90d-38ed38260d48;RECÔNCAVO;40.0;32950a66-6cc5-4621-a4ba-a071bbd866e1
59;atualizado;;ff2c6a20-37ba-4b5d-9189-5f1a8a677608;UFRB;73cdfd5f-e313-42c9-a90d-38ed38260d48;RECÔNCAVO;40.0;32950a66-6cc5-4621-a4ba-a071bbd866e1
60;atualizado;;cdd72d1b-b21c-435c-a7a9-6d75b6d0516e;UFRB;73cdfd5f-e313-42c9-a90d-38ed38260d48;RECÔNCAVO;40.0;32950a66-6cc5-4621-a4ba-a071bbd866e1
61;atualizado;;16b9b24b-485d-44d2-b534-afc8099bfb1f;UFRB;73cdfd5f-e313-42c9-a90d-38ed38260d48;RECÔNCAVO;40.0;32950a66-6cc5-4621-a4ba-a071bbd866e1
62;atualizado;;b796f070-32e4-4c2a-96a0-78dd7c3ecd67;UFRB;73cdfd5f-e313-42c9-a90d-38ed38260d48;RECÔNCAVO;40.0;32950a66-6cc5-4621-a4ba-a071bbd866e1
63;atualizado;;5f1d95a3-0f36-41e9-8853-a382b6e827f4;UFRB;73cdfd5f-e313-42c9-a90d-38ed38260d48;RECÔNCAVO;40.0;32950a66-6cc5-4621-a4ba-a071bbd866e1
64;atualizado;;8bbeec43-cfd0-45fb-bbc9-d01ee1a8a92c;UFRB;73cdfd5f-e313-42c9-a90d-38ed38260d48;RECÔNCAVO;40.0;32950a66-6cc5-4621-a4ba-a071bbd866e1
65;atualizado;;1005f9d3-aa6d-4002-9789-300d510de7b7;UFRB;73cdfd5f-e313-42c9-a90d-38ed38260d48;RECÔNCAVO;40.0;32950a66-6cc5-4621-a4ba-a071bbd866e1
66;atualizado;;e8ecc7aa-6e60-4ed9-b75c-717c8e50f91a;UFRB;73cdfd5f-e313-42c9-a90d-38ed38260d48;RECÔNCAVO;40.0;32950a66-6cc5-4621-a4ba-a071bbd866e1
67;atualizado;;a9695f0e-a76e-4136-830a-9c8bde41ded4;UFRB;73cdfd5f-e313-42c9-a90d-38ed38260d48;RECÔNCAVO;40.0;32950a66-6cc5-4621-a4ba-a071bbd866e1
68;atualizado;;ea91fc91-8ef9-43ec-87c9-5f403f250c3e;UFRB;73cdfd5f-e313-42c9-a90d-38ed38260d48;RECÔNCAVO;40.0;32950a66-6cc5-4621-a4ba-a071bbd866e1
69;atualizado;;a235bc6f-e194-452b-a899-d69ddac0e096;UFRB;73cdfd5f-e313-42c9-a90d-38ed38260d48;RECÔNCAVO;40.0;32950a66-6cc5-4621-a4ba-a071bbd866e1
70;atualizado;;085e4b75-5f52-4ca8-ad90-38b407ff80c1;UFRB;73cdfd5f-e313-42c9-a90d-38ed38260d48;RECÔNCAVO;40.0;32950a66-6cc5-4621-a4ba-a071bbd866e1
71;ignorado;Pesquisador vinculado a outra universidade.;;UFRB;73cdfd5f-e313-42c9-a90d-38ed38260d48;;;
72;atualizado;;a3d6cb01-e330-4ed6-8a43-af1bb22752ba;UFRB;73cdfd5f-e313-42c9-a90d-38ed38260d48;RECÔNCAVO;40.0;32950a66-6cc5-4621-a4ba-a071bbd866e1
73;atualizado;;55fe99df-e8f7-42e4-8b1e-8a7fe648cb30;UFRB;73cdfd5f-e313-42c9-a90d-38ed38260d48;RECÔNCAVO;40.0;32950a66-6cc5-4621-a4ba-a071bbd866e1
74;atualizado;;0af39f09-5f35-4780-a16f-057ab75a0626;UFRB;73cdfd5f-e313-42c9-a90d-38ed38260d48;RECÔNCAVO;40.0;32950a66-6cc5-4621-a4ba-a071bbd866e1
75;atualizado;;ad581fda-8788-4001-ae93-9350b0e95ea6;UFRB;73cdfd5f-e313-42c9-a90d-38ed38260d48;RECÔNCAVO;40.0;32950a66-6cc5-4621-a4ba-a071bbd866e1
76;atualizado;;35a1f95f-25f3-4220-9430-a8792c3d5395;UFRB;73cdfd5f-e313-42c9-a90d-38ed38260d48;RECÔNCAVO;40.0;32950a66-6cc5-4621-a4ba-a071bbd866e1
77;atualizado;;9d76625f-35e0-413d-b6c2-5887e5b9a455;UFRB;73cdfd5f-e313-42c9-a90d-38ed38260d48;RECÔNCAVO;40.0;32950a66-6cc5-4621-a4ba-a071bbd866e1
78;atualizado;;ada3861f-1ef7-4de2-b84a-4fa9ef26503a;UFRB;73cdfd5f-e313-42c9-a90d-38ed38260d48;RECÔNCAVO;40.0;32950a66-6cc5-4621-a4ba-a071bbd866e1
79;atualizado;;ce70daf0-27e8-4599-9fa1-42cb2fca5e18;UFRB;73cdfd5f-e313-42c9-a90d-38ed38260d48;RECÔNCAVO;40.0;32950a66-6cc5-4621-a4ba-a071bbd866e1
80;atualizado;;3110b468-f1da-4af7-bace-7ea23650086d;UFRB;73cdfd5f-e313-42c9-a90d-38ed38260d48;RECÔNCAVO;40.0;32950a66-6cc5-4621-a4ba-a071bbd866e1
81;atualizado;;916e975a-2b98-4019-95fd-40eda53b8fa2;UFRB;73cdfd5f-e313-42c9-a90d-38ed38260d48;RECÔNCAVO;40.0;32950a66-6cc5-4621-a4ba-a071bbd866e1
82;atualizado;;e0064e40-ba41-43e0-97f9-bf24af4e5646;UFRB;73cdfd5f-e313-42c9-a90d-38ed38260d48;RECÔNCAVO;40.0;32950a66-6cc5-4621-a4ba-a071bbd866e1
83;atualizado;;c2e478d5-d48d-4931-af15-86c5ff8375ee;UFRB;73cdfd5f-e313-42c9-a90d-38ed38260d48;RECÔNCAVO;40.0;32950a66-6cc5-4621-a4ba-a071bbd866e1
84;atualizado;;a092c3b3-b1a1-43b8-b5ed-3e1f3111c8bc;UFRB;73cdfd5f-e313-42c9-a90d-38ed38260d48;RECÔNCAVO;40.0;32950a66-6cc5-4621-a4ba-a071bbd866e1
85;atualizado;;039c3350-9137-4017-9e67-84d614a68263;UFRB;73cdfd5f-e313-42c9-a90d-38ed38260d48;RECÔNCAVO;40.0;32950a66-6cc5-4621-a4ba-a071bbd866e1
86;atualizado;;f4e60c3e-2087-4972-b532-39d37f160c8a;UFRB;73cdfd5f-e313-42c9-a90d-38ed38260d48;RECÔNCAVO;40.0;32950a66-6cc5-4621-a4ba-a071bbd866e1
87;atualizado;;57336090-b2c6-44bc-855e-ee0b232980a9;UFRB;73cdfd5f-e313-42c9-a90d-38ed38260d48;RECÔNCAVO;40.0;32950a66-6cc5-4621-a4ba-a071bbd866e1
88;atualizado;;1f7c20cf-7b98-423f-a5f9-89e08fa6a8a2;UFRB;73cdfd5f-e313-42c9-a90d-38ed38260d48;RECÔNCAVO;40.0;32950a66-6cc5-4621-a4ba-a071bbd866e1
89;atualizado;;67db268b-df9e-477b-960c-e06c78ae968a;UFRB;73cdfd5f-e313-42c9-a90d-38ed38260d48;RECÔNCAVO;40.0;32950a66-6cc5-4621-a4ba-a071bbd866e1
90;atualizado;;17f4ca82-4569-438f-9c7e-0d5a5f67c6d3;UFRB;73cdfd5f-e313-42c9-a90d-38ed38260d48;RECÔNCAVO;40.0;32950a66-6cc5-4621-a4ba-a071bbd866e1
91;ignorado;Pesquisador vinculado a outra universidade.;;UFRB;73cdfd5f-e313-42c9-a90d-38ed38260d48;;;
92;atualizado;;d281dcb2-a414-48d9-9240-94a94878fc0d;UFRB;73cdfd5f-e313-42c9-a90d-38ed38260d48;RECÔNCAVO;40.0;32950a66-6cc5-4621-a4ba-a071bbd866e1
93;atualizado;;e2d5d0f1-239b-462f-8a1a-5bb95c17eafe;UFRB;73cdfd5f-e313-42c9-a90d-38ed38260d48;RECÔNCAVO;40.0;32950a66-6cc5-4621-a4ba-a071bbd866e1
94;atualizado;;1529eb68-af20-4e24-a736-0cb3e695bdbb;UFRB;73cdfd5f-e313-42c9-a90d-38ed38260d48;RECÔNCAVO;40.0;32950a66-6cc5-4621-a4ba-a071bbd866e1
95;atualizado;;4676b6d0-dda8-4645-a503-5adb3cc81ad4;UFRB;73cdfd5f-e313-42c9-a90d-38ed38260d48;RECÔNCAVO;40.0;32950a66-6cc5-4621-a4ba-a071bbd866e1
96;atualizado;;1563eddd-4c34-48e2-9b41-7c2782c5a395;UFRB;73cdfd5f-e313-42c9-a90d-38ed38260d48;RECÔNCAVO;40.0;32950a66-6cc5-4621-a4ba-a071bbd866e1
97;atualizado;;86d50e7c-7432-412a-a219-375b74dcee99;UFRB;73cdfd5f-e313-42c9-a90d-38ed38260d48;RECÔNCAVO;40.0;32950a66-6cc5-4621-a4ba-a071bbd866e1
98;atualizado;;6d70d37b-5bf1-45f9-857d-aa1ee0a62e9d;UFRB;73cdfd5f-e313-42c9-a90d-38ed38260d48;RECÔNCAVO;40.0;32950a66-6cc5-4621-a4ba-a071bbd866e1
99;atualizado;;2becad2f-4bc5-475a-8cb4-bd2f07241ba7;UFRB;73cdfd5f-e313-42c9-a90d-38ed38260d48;RECÔNCAVO;40.0;32950a66-6cc5-4621-a4ba-a071bbd866e1
100;atualizado;;60e63828-2896-467f-818a-79ab31c00491;UFRB;73cdfd5f-e313-42c9-a90d-38ed38260d48;RECÔNCAVO;40.0;32950a66-6cc5-4621-a4ba-a071bbd866e1
101;atualizado;;897466d5-bc77-412a-9b8e-e340fb87dedf;UFRB;73cdfd5f-e313-42c9-a90d-38ed38260d48;RECÔNCAVO;40.0;32950a66-6cc5-4621-a4ba-a071bbd866e1
102;atualizado;;d843a2a5-14d4-4d4e-ab02-f0bb674f76ca;UFRB;73cdfd5f-e313-42c9-a90d-38ed38260d48;RECÔNCAVO;40.0;32950a66-6cc5-4621-a4ba-a071bbd866e1
103;atualizado;;8f21e93a-a0b0-41b4-aac6-275a7061c6eb;UFRB;73cdfd5f-e313-42c9-a90d-38ed38260d48;RECÔNCAVO;40.0;32950a66-6cc5-4621-a4ba-a071bbd866e1
104;atualizado;;2b9596a9-af0c-4b30-ade4-08eddbb47fa4;UFRB;73cdfd5f-e313-42c9-a90d-38ed38260d48;RECÔNCAVO;40.0;32950a66-6cc5-4621-a4ba-a071bbd866e1
105;atualizado;;07c4e990-90d5-480c-8217-51b59245e0ae;UFRB;73cdfd5f-e313-42c9-a90d-38ed38260d48;RECÔNCAVO;40.0;32950a66-6cc5-4621-a4ba-a071bbd866e1
106;atualizado;;2bfeff02-1810-446c-9c60-3841d2285658;UFRB;73cdfd5f-e313-42c9-a90d-38ed38260d48;RECÔNCAVO;40.0;32950a66-6cc5-4621-a4ba-a071bbd866e1
107;atualizado;;76066902-699c-4445-82ed-922c5b95d546;UFRB;73cdfd5f-e313-42c9-a90d-38ed38260d48;RECÔNCAVO;40.0;32950a66-6cc5-4621-a4ba-a071bbd866e1
108;atualizado;;df450733-1546-4aa2-aa01-a8152ba0dda6;UFRB;73cdfd5f-e313-42c9-a90d-38ed38260d48;RECÔNCAVO;40.0;32950a66-6cc5-4621-a4ba-a071bbd866e1
109;atualizado;;61e58ef3-68c7-4b08-b921-df14824f3104;UFRB;73cdfd5f-e313-42c9-a90d-38ed38260d48;RECÔNCAVO;40.0;32950a66-6cc5-4621-a4ba-a071bbd866e1
110;atualizado;;96c1762d-4d1c-4fe6-b772-1e9aa40db669;UFRB;73cdfd5f-e313-42c9-a90d-38ed38260d48;RECÔNCAVO;40.0;32950a66-6cc5-4621-a4ba-a071bbd866e1
111;atualizado;;41522d98-10a2-4624-aea7-77b9eef65f2e;UFRB;73cdfd5f-e313-42c9-a90d-38ed38260d48;RECÔNCAVO;40.0;32950a66-6cc5-4621-a4ba-a071bbd866e1
112;atualizado;;5ac65197-e58a-4fa8-a7d6-eda518315d47;UFRB;73cdfd5f-e313-42c9-a90d-38ed38260d48;RECÔNCAVO;40.0;32950a66-6cc5-4621-a4ba-a071bbd866e1
113;atualizado;;3b8de461-2401-4e27-971e-cec45ce9d91b;UFRB;73cdfd5f-e313-42c9-a90d-38ed38260d48;RECÔNCAVO;40.0;32950a66-6cc5-4621-a4ba-a071bbd866e1
114;atualizado;;f9cd00b2-96ff-4790-8c26-30de4aa1dc13;UFRB;73cdfd5f-e313-42c9-a90d-38ed38260d48;RECÔNCAVO;40.0;32950a66-6cc5-4621-a4ba-a071bbd866e1
115;atualizado;;9f4c04ec-a9ef-4e9b-83fa-82c05f232ee1;UFRB;73cdfd5f-e313-42c9-a90d-38ed38260d48;RECÔNCAVO;40.0;32950a66-6cc5-4621-a4ba-a071bbd866e1
116;atualizado;;e3d125f4-565b-491b-9f49-c7c7162a6763;UFRB;73cdfd5f-e313-42c9-a90d-38ed38260d48;RECÔNCAVO;40.0;32950a66-6cc5-4621-a4ba-a071bbd866e1
117;atualizado;;bbb8479f-9fc9-4e5e-9478-06b95cb07894;UFRB;73cdfd5f-e313-42c9-a90d-38ed38260d48;RECÔNCAVO;40.0;32950a66-6cc5-4621-a4ba-a071bbd866e1
118;atualizado;;44c89697-5de7-43a8-9b92-7c1ab3353f18;UFRB;73cdfd5f-e313-42c9-a90d-38ed38260d48;RECÔNCAVO;40.0;32950a66-6cc5-4621-a4ba-a071bbd866e1
119;atualizado;;63470d6d-bd22-487e-8aca-c2eb28ff7c8c;UFRB;73cdfd5f-e313-42c9-a90d-38ed38260d48;RECÔNCAVO;40.0;32950a66-6cc5-4621-a4ba-a071bbd866e1
120;atualizado;;c3b2b627-08a7-4437-af04-a61bdfca92cc;UFRB;73cdfd5f-e313-42c9-a90d-38ed38260d48;RECÔNCAVO;40.0;32950a66-6cc5-4621-a4ba-a071bbd866e1
121;atualizado;;7da9dc8b-2c51-48f8-8843-bb2d22225015;UFRB;73cdfd5f-e313-42c9-a90d-38ed38260d48;RECÔNCAVO;40.0;32950a66-6cc5-4621-a4ba-a071bbd866e1
122;atualizado;;e8192f5d-c9f7-407f-9af5-2a67303128b0;UFRB;73cdfd5f-e313-42c9-a90d-38ed38260d48;RECÔNCAVO;40.0;32950a66-6cc5-4621-a4ba-a071bbd866e1
123;atualizado;;77a1dd7c-e1b1-48fd-a6aa-c08ebba4bad2;UFRB;73cdfd5f-e313-42c9-a90d-38ed38260d48;RECÔNCAVO;40.0;32950a66-6cc5-4621-a4ba-a071bbd866e1
124;atualizado;;b56f9d68-1833-4135-ac30-75ec488de96b;UFRB;73cdfd5f-e313-42c9-a90d-38ed38260d48;RECÔNCAVO;40.0;32950a66-6cc5-4621-a4ba-a071bbd866e1
125;ignorado;Pesquisador vinculado a outra universidade.;;UFRB;73cdfd5f-e313-42c9-a90d-38ed38260d48;;;
126;atualizado;;7fa65e06-ef75-41b8-b979-3d71b8a049c7;UFRB;73cdfd5f-e313-42c9-a90d-38ed38260d48;RECÔNCAVO;40.0;32950a66-6cc5-4621-a4ba-a071bbd866e1
127;atualizado;;ede65974-1f5b-433c-98bc-2032ccf96619;UFRB;73cdfd5f-e313-42c9-a90d-38ed38260d48;RECÔNCAVO;40.0;32950a66-6cc5-4621-a4ba-a071bbd866e1
128;atualizado;;dcc68122-b9d9-41ec-9851-ab6f94f87d27;UFRB;73cdfd5f-e313-42c9-a90d-38ed38260d48;RECÔNCAVO;40.0;32950a66-6cc5-4621-a4ba-a071bbd866e1
129;atualizado;;19def7e2-d75e-474b-a5f0-ec805685629e;UFRB;73cdfd5f-e313-42c9-a90d-38ed38260d48;RECÔNCAVO;40.0;32950a66-6cc5-4621-a4ba-a071bbd866e1
130;atualizado;;b57e27cf-fcf3-4c41-8d7f-0b6536b39dc0;UFRB;73cdfd5f-e313-42c9-a90d-38ed38260d48;RECÔNCAVO;40.0;32950a66-6cc5-4621-a4ba-a071bbd866e1
131;atualizado;;93775dc9-2ef8-4fbc-9745-05fd3987efbd;UFRB;73cdfd5f-e313-42c9-a90d-38ed38260d48;RECÔNCAVO;40.0;c55a0ad5-b17d-4b40-b22f-836d5e5bf4c3
132;atualizado;;c6111a2f-c320-4bbb-ac30-6bf772dd7084;UFRB;73cdfd5f-e313-42c9-a90d-38ed38260d48;RECÔNCAVO;40.0;c55a0ad5-b17d-4b40-b22f-836d5e5bf4c3
133;atualizado;;20de06ec-fb23-4661-ba8c-94bff8aa61bd;UFRB;73cdfd5f-e313-42c9-a90d-38ed38260d48;RECÔNCAVO;40.0;c55a0ad5-b17d-4b40-b22f-836d5e5bf4c3
134;atualizado;;8174895a-e422-4de9-ac7f-039d24a450fe;UFRB;73cdfd5f-e313-42c9-a90d-38ed38260d48;RECÔNCAVO;40.0;c55a0ad5-b17d-4b40-b22f-836d5e5bf4c3
135;atualizado;;4e9dba7f-d5aa-494a-a753-66fd5e04915b;UFRB;73cdfd5f-e313-42c9-a90d-38ed38260d48;RECÔNCAVO;40.0;c55a0ad5-b17d-4b40-b22f-836d5e5bf4c3
136;atualizado;;6d425b82-a085-4424-a327-680780e7b2c6;UFRB;73cdfd5f-e313-42c9-a90d-38ed38260d48;RECÔNCAVO;40.0;c55a0ad5-b17d-4b40-b22f-836d5e5bf4c3
137;atualizado;;f67661df-b408-4a15-9d80-1078c37a29e8;UFRB;73cdfd5f-e313-42c9-a90d-38ed38260d48;RECÔNCAVO;40.0;c55a0ad5-b17d-4b40-b22f-836d5e5bf4c3
138;atualizado;;5c389dc1-ab7a-43a1-8d53-b457b97adc85;UFRB;73cdfd5f-e313-42c9-a90d-38ed38260d48;RECÔNCAVO;40.0;c55a0ad5-b17d-4b40-b22f-836d5e5bf4c3
139;atualizado;;c3ea6368-c31a-439c-9fa1-d22234b4d1d5;UFRB;73cdfd5f-e313-42c9-a90d-38ed38260d48;RECÔNCAVO;40.0;c55a0ad5-b17d-4b40-b22f-836d5e5bf4c3
140;atualizado;;4f8106bf-fe34-441d-af34-d1a7ac2129c6;UFRB;73cdfd5f-e313-42c9-a90d-38ed38260d48;RECÔNCAVO;40.0;c55a0ad5-b17d-4b40-b22f-836d5e5bf4c3
141;atualizado;;4142d94e-5cd9-443c-b1e9-45d27f5ee855;UFRB;73cdfd5f-e313-42c9-a90d-38ed38260d48;RECÔNCAVO;40.0;c55a0ad5-b17d-4b40-b22f-836d5e5bf4c3
142;atualizado;;557f1f48-503f-4339-909c-dea3cd530725;UFRB;73cdfd5f-e313-42c9-a90d-38ed38260d48;RECÔNCAVO;40.0;c55a0ad5-b17d-4b40-b22f-836d5e5bf4c3
143;atualizado;;2f2b6e02-2acb-4cd0-81fc-cd7d0f15da7e;UFRB;73cdfd5f-e313-42c9-a90d-38ed38260d48;RECÔNCAVO;40.0;c55a0ad5-b17d-4b40-b22f-836d5e5bf4c3
144;atualizado;;f967fb39-3f75-4efb-ba3e-6b1c6a26879a;UFRB;73cdfd5f-e313-42c9-a90d-38ed38260d48;RECÔNCAVO;40.0;c55a0ad5-b17d-4b40-b22f-836d5e5bf4c3
145;atualizado;;4ced1953-39c8-4568-a091-d086d0e675c3;UFRB;73cdfd5f-e313-42c9-a90d-38ed38260d48;RECÔNCAVO;40.0;c55a0ad5-b17d-4b40-b22f-836d5e5bf4c3
146;atualizado;;38cf1ac7-97f7-4fad-9ccf-25c844db5622;UFRB;73cdfd5f-e313-42c9-a90d-38ed38260d48;RECÔNCAVO;40.0;c55a0ad5-b17d-4b40-b22f-836d5e5bf4c3
147;atualizado;;79938fee-507b-4989-9593-8ff21edafa51;UFRB;73cdfd5f-e313-42c9-a90d-38ed38260d48;RECÔNCAVO;40.0;c55a0ad5-b17d-4b40-b22f-836d5e5bf4c3
148;atualizado;;fd352467-a6a8-45de-990f-d30f504425a4;UFRB;73cdfd5f-e313-42c9-a90d-38ed38260d48;RECÔNCAVO;40.0;c55a0ad5-b17d-4b40-b22f-836d5e5bf4c3
149;atualizado;;5b0c165b-0ab6-4569-9bc1-8c1009f41f16;UFRB;73cdfd5f-e313-42c9-a90d-38ed38260d48;RECÔNCAVO;40.0;c55a0ad5-b17d-4b40-b22f-836d5e5bf4c3
150;atualizado;;c7e7531f-da37-43a7-be5e-9314f657ebdb;UFRB;73cdfd5f-e313-42c9-a90d-38ed38260d48;RECÔNCAVO;40.0;c55a0ad5-b17d-4b40-b22f-836d5e5bf4c3
151;atualizado;;46bc72d0-cc79-45d5-a0d5-16e44db3e492;UFRB;73cdfd5f-e313-42c9-a90d-38ed38260d48;RECÔNCAVO;40.0;c55a0ad5-b17d-4b40-b22f-836d5e5bf4c3
152;atualizado;;7a6fb94b-96ef-4b3e-9d57-5c7cb6cffd20;UFRB;73cdfd5f-e313-42c9-a90d-38ed38260d48;RECÔNCAVO;40.0;c55a0ad5-b17d-4b40-b22f-836d5e5bf4c3
153;atualizado;;c511c089-3c49-489a-9fc0-0fbf34a146eb;UFRB;73cdfd5f-e313-42c9-a90d-38ed38260d48;RECÔNCAVO;40.0;c55a0ad5-b17d-4b40-b22f-836d5e5bf4c3
154;atualizado;;3a5df81a-b3ff-471c-844a-d4cd32acdc21;UFRB;73cdfd5f-e313-42c9-a90d-38ed38260d48;RECÔNCAVO;40.0;c55a0ad5-b17d-4b40-b22f-836d5e5bf4c3
155;atualizado;;4a9eb56a-3a41-4b99-8008-d78d5f1784c8;UFRB;73cdfd5f-e313-42c9-a90d-38ed38260d48;RECÔNCAVO;40.0;c55a0ad5-b17d-4b40-b22f-836d5e5bf4c3
156;atualizado;;fe342d77-fe42-4337-bb5c-26d6db56a1ab;UFRB;73cdfd5f-e313-42c9-a90d-38ed38260d48;RECÔNCAVO;40.0;c55a0ad5-b17d-4b40-b22f-836d5e5bf4c3
157;atualizado;;4993bf92-df4d-40a7-8524-e5ea534a65bd;UFRB;73cdfd5f-e313-42c9-a90d-38ed38260d48;RECÔNCAVO;40.0;c55a0ad5-b17d-4b40-b22f-836d5e5bf4c3
158;atualizado;;1bdbbf6d-e12c-42eb-b25e-c12469ddfd49;UFRB;73cdfd5f-e313-42c9-a90d-38ed38260d48;RECÔNCAVO;40.0;c55a0ad5-b17d-4b40-b22f-836d5e5bf4c3
159;atualizado;;9aad494b-0ac2-4d54-9c36-1fb2eda9df7f;UFRB;73cdfd5f-e313-42c9-a90d-38ed38260d48;RECÔNCAVO;40.0;c55a0ad5-b17d-4b40-b22f-836d5e5bf4c3
160;atualizado;;5ff42e3a-6397-49a4-9883-5ea6f089c626;UFRB;73cdfd5f-e313-42c9-a90d-38ed38260d48;RECÔNCAVO;40.0;c55a0ad5-b17d-4b40-b22f-836d5e5bf4c3
161;atualizado;;1068ab52-c30e-4e17-8f73-567acfd5f6a3;UFRB;73cdfd5f-e313-42c9-a90d-38ed38260d48;RECÔNCAVO;40.0;c55a0ad5-b17d-4b40-b22f-836d5e5bf4c3
162;atualizado;;c6c07491-6b27-44ad-983e-ef266ac97dc6;UFRB;73cdfd5f-e313-42c9-a90d-38ed38260d48;RECÔNCAVO;40.0;c55a0ad5-b17d-4b40-b22f-836d5e5bf4c3
163;atualizado;;f46c297e-c243-4b6f-914a-d9842745939d;UFRB;73cdfd5f-e313-42c9-a90d-38ed38260d48;RECÔNCAVO;40.0;c55a0ad5-b17d-4b40-b22f-836d5e5bf4c3
164;atualizado;;8a4da6da-5987-4e9f-9eef-a9f870760b29;UFRB;73cdfd5f-e313-42c9-a90d-38ed38260d48;RECÔNCAVO;40.0;c55a0ad5-b17d-4b40-b22f-836d5e5bf4c3
165;atualizado;;cda5a8a6-1552-4972-9031-146ffec62df3;UFRB;73cdfd5f-e313-42c9-a90d-38ed38260d48;RECÔNCAVO;40.0;c55a0ad5-b17d-4b40-b22f-836d5e5bf4c3
166;atualizado;;5ffbb292-968f-4fc3-9712-59d5bb68ae84;UFRB;73cdfd5f-e313-42c9-a90d-38ed38260d48;RECÔNCAVO;40.0;c55a0ad5-b17d-4b40-b22f-836d5e5bf4c3
167;atualizado;;93e7c8cc-6ecc-4756-aab9-0138fd043c28;UFRB;73cdfd5f-e313-42c9-a90d-38ed38260d48;RECÔNCAVO;40.0;c55a0ad5-b17d-4b40-b22f-836d5e5bf4c3
168;atualizado;;b9606bc1-905b-423d-b0af-3aeb5c3a4eed;UFRB;73cdfd5f-e313-42c9-a90d-38ed38260d48;RECÔNCAVO;40.0;c55a0ad5-b17d-4b40-b22f-836d5e5bf4c3
169;atualizado;;f31f93b8-c7ac-4e60-a834-297b7aec4c6d;UFRB;73cdfd5f-e313-42c9-a90d-38ed38260d48;RECÔNCAVO;40.0;c55a0ad5-b17d-4b40-b22f-836d5e5bf4c3
170;atualizado;;e1b4898c-5be4-4e26-8a3f-800f79e748cd;UFRB;73cdfd5f-e313-42c9-a90d-38ed38260d48;RECÔNCAVO;40.0;c55a0ad5-b17d-4b40-b22f-836d5e5bf4c3
171;atualizado;;19007def-1ad0-4766-8bf1-e716d7262f7d;UFRB;73cdfd5f-e313-42c9-a90d-38ed38260d48;RECÔNCAVO;40.0;c55a0ad5-b17d-4b40-b22f-836d5e5bf4c3
172;atualizado;;be7f115a-74fd-4804-83f6-34d3c905eade;UFRB;73cdfd5f-e313-42c9-a90d-38ed38260d48;RECÔNCAVO;40.0;c55a0ad5-b17d-4b40-b22f-836d5e5bf4c3
173;atualizado;;24741448-977c-4141-a959-eb0f89462b72;UFRB;73cdfd5f-e313-42c9-a90d-38ed38260d48;RECÔNCAVO;40.0;c55a0ad5-b17d-4b40-b22f-836d5e5bf4c3
174;atualizado;;80ca3af9-5a59-4478-b34f-429d33d2fa1c;UFRB;73cdfd5f-e313-42c9-a90d-38ed38260d48;RECÔNCAVO;40.0;c55a0ad5-b17d-4b40-b22f-836d5e5bf4c3
175;atualizado;;118b1fb3-8b7e-4a79-8b74-f8d7c87ec87d;UFRB;73cdfd5f-e313-42c9-a90d-38ed38260d48;RECÔNCAVO;40.0;c55a0ad5-b17d-4b40-b22f-836d5e5bf4c3
176;atualizado;;1c9371cd-f822-4ee0-833e-7f84bf5af749;UFRB;73cdfd5f-e313-42c9-a90d-38ed38260d48;RECÔNCAVO;40.0;c55a0ad5-b17d-4b40-b22f-836d5e5bf4c3
177;atualizado;;a0567155-cb71-41a6-b7b8-ebd4f2aaceb7;UFRB;73cdfd5f-e313-42c9-a90d-38ed38260d48;RECÔNCAVO;40.0;c55a0ad5-b17d-4b40-b22f-836d5e5bf4c3
178;atualizado;;67249797-c160-44ff-8cfa-781be5e68a90;UFRB;73cdfd5f-e313-42c9-a90d-38ed38260d48;RECÔNCAVO;40.0;c55a0ad5-b17d-4b40-b22f-836d5e5bf4c3
179;atualizado;;8ac48942-3d4b-4622-8329-faffe2e90e06;UFRB;73cdfd5f-e313-42c9-a90d-38ed38260d48;RECÔNCAVO;40.0;c55a0ad5-b17d-4b40-b22f-836d5e5bf4c3
180;atualizado;;49abd6d5-06db-476b-89d0-ec834688a5f3;UFRB;73cdfd5f-e313-42c9-a90d-38ed38260d48;RECÔNCAVO;40.0;c55a0ad5-b17d-4b40-b22f-836d5e5bf4c3
181;atualizado;;d50beacf-1aeb-4184-b96b-4fb1bbc01b0c;UFRB;73cdfd5f-e313-42c9-a90d-38ed38260d48;RECÔNCAVO;40.0;c55a0ad5-b17d-4b40-b22f-836d5e5bf4c3
182;atualizado;;f2184ade-a8f1-4248-b3b8-1a6aa4ef53c8;UFRB;73cdfd5f-e313-42c9-a90d-38ed38260d48;RECÔNCAVO;40.0;c55a0ad5-b17d-4b40-b22f-836d5e5bf4c3
183;atualizado;;2cf9cd11-82e0-4b62-a390-4c0839ff6af9;UFRB;73cdfd5f-e313-42c9-a90d-38ed38260d48;RECÔNCAVO;40.0;c55a0ad5-b17d-4b40-b22f-836d5e5bf4c3
184;atualizado;;60f09026-e708-4ced-a313-c0fd174baf27;UFRB;73cdfd5f-e313-42c9-a90d-38ed38260d48;RECÔNCAVO;40.0;c55a0ad5-b17d-4b40-b22f-836d5e5bf4c3
185;atualizado;;3bf2ece4-1ac1-4526-8765-3a1e68469bd6;UFRB;73cdfd5f-e313-42c9-a90d-38ed38260d48;RECÔNCAVO;40.0;c55a0ad5-b17d-4b40-b22f-836d5e5bf4c3
186;atualizado;;4f4dbd39-b3ed-4961-ae28-c898387439ad;UFRB;73cdfd5f-e313-42c9-a90d-38ed38260d48;RECÔNCAVO;40.0;c55a0ad5-b17d-4b40-b22f-836d5e5bf4c3
187;atualizado;;b13b7ebd-eebb-4537-8365-14b7ef090b8b;UFRB;73cdfd5f-e313-42c9-a90d-38ed38260d48;RECÔNCAVO;40.0;c55a0ad5-b17d-4b40-b22f-836d5e5bf4c3
188;atualizado;;4149fcb9-e765-4bb0-9d31-2efc531956cb;UFRB;73cdfd5f-e313-42c9-a90d-38ed38260d48;RECÔNCAVO;40.0;c55a0ad5-b17d-4b40-b22f-836d5e5bf4c3
189;atualizado;;6fb00430-e2f6-45ea-9111-e4da0570a4f5;UFRB;73cdfd5f-e313-42c9-a90d-38ed38260d48;RECÔNCAVO;40.0;c55a0ad5-b17d-4b40-b22f-836d5e5bf4c3
190;atualizado;;6076c131-bc7d-402d-820c-a43c60b1ca65;UFRB;73cdfd5f-e313-42c9-a90d-38ed38260d48;RECÔNCAVO;40.0;c55a0ad5-b17d-4b40-b22f-836d5e5bf4c3
191;atualizado;;ee3414d0-bb07-49f2-b4ec-5d5abe208a57;UFRB;73cdfd5f-e313-42c9-a90d-38ed38260d48;RECÔNCAVO;40.0;c55a0ad5-b17d-4b40-b22f-836d5e5bf4c3
192;atualizado;;100ce799-04b9-44d0-a647-cdd04befa26a;UFRB;73cdfd5f-e313-42c9-a90d-38ed38260d48;RECÔNCAVO;40.0;c55a0ad5-b17d-4b40-b22f-836d5e5bf4c3
193;atualizado;;45c4a133-5797-4bca-bf99-5b2ab958c51b;UFRB;73cdfd5f-e313-42c9-a90d-38ed38260d48;RECÔNCAVO;40.0;c55a0ad5-b17d-4b40-b22f-836d5e5bf4c3
194;atualizado;;01d60f6b-ca71-4668-b308-15cdad681832;UFRB;73cdfd5f-e313-42c9-a90d-38ed38260d48;RECÔNCAVO;40.0;c55a0ad5-b17d-4b40-b22f-836d5e5bf4c3
195;atualizado;;eebef052-1673-483f-bedc-3c19d4d883f3;UFRB;73cdfd5f-e313-42c9-a90d-38ed38260d48;RECÔNCAVO;40.0;c55a0ad5-b17d-4b40-b22f-836d5e5bf4c3
196;atualizado;;740c060d-94d1-420c-aa8a-027f590492d3;UFRB;73cdfd5f-e313-42c9-a90d-38ed38260d48;RECÔNCAVO;40.0;c55a0ad5-b17d-4b40-b22f-836d5e5bf4c3
197;atualizado;;9ed9b745-d96c-4b91-bc86-443ce71f685e;UFRB;73cdfd5f-e313-42c9-a90d-38ed38260d48;RECÔNCAVO;40.0;c55a0ad5-b17d-4b40-b22f-836d5e5bf4c3
198;atualizado;;ab3d0f7a-490c-4777-87f8-bbee2a34e30e;UFRB;73cdfd5f-e313-42c9-a90d-38ed38260d48;RECÔNCAVO;40.0;c55a0ad5-b17d-4b40-b22f-836d5e5bf4c3
199;atualizado;;f6a6c6f5-4792-4958-964a-070614b84a15;UFRB;73cdfd5f-e313-42c9-a90d-38ed38260d48;RECÔNCAVO;40.0;c55a0ad5-b17d-4b40-b22f-836d5e5bf4c3
200;atualizado;;cc02bd11-d53f-464c-b538-4955c45f4402;UFRB;73cdfd5f-e313-42c9-a90d-38ed38260d48;RECÔNCAVO;40.0;c55a0ad5-b17d-4b40-b22f-836d5e5bf4c3
201;atualizado;;e813c94e-74ed-45aa-809d-fc1a6e1a66ba;UFRB;73cdfd5f-e313-42c9-a90d-38ed38260d48;RECÔNCAVO;40.0;c55a0ad5-b17d-4b40-b22f-836d5e5bf4c3
202;atualizado;;d1334540-6de4-4483-8385-4ccee0065c28;UFRB;73cdfd5f-e313-42c9-a90d-38ed38260d48;RECÔNCAVO;40.0;c55a0ad5-b17d-4b40-b22f-836d5e5bf4c3
203;atualizado;;ffe3211b-7475-43ce-bf57-87551d9c9a20;UFRB;73cdfd5f-e313-42c9-a90d-38ed38260d48;RECÔNCAVO;40.0;c55a0ad5-b17d-4b40-b22f-836d5e5bf4c3
204;atualizado;;d40f24ad-d54b-46df-b956-7267ed9199ad;UFRB;73cdfd5f-e313-42c9-a90d-38ed38260d48;RECÔNCAVO;40.0;c55a0ad5-b17d-4b40-b22f-836d5e5bf4c3
205;atualizado;;cb27cab0-5798-4b03-9f2f-40ce8a5c7a4e;UFRB;73cdfd5f-e313-42c9-a90d-38ed38260d48;RECÔNCAVO;40.0;c55a0ad5-b17d-4b40-b22f-836d5e5bf4c3
206;atualizado;;1179afa0-94bd-4048-a379-fdc5951993bc;UFRB;73cdfd5f-e313-42c9-a90d-38ed38260d48;RECÔNCAVO;40.0;c55a0ad5-b17d-4b40-b22f-836d5e5bf4c3
207;atualizado;;9104285c-9072-485d-aed3-d1805b481cc3;UFRB;73cdfd5f-e313-42c9-a90d-38ed38260d48;RECÔNCAVO;40.0;c55a0ad5-b17d-4b40-b22f-836d5e5bf4c3
208;atualizado;;95349729-8870-40c2-8778-858967811bb1;UFRB;73cdfd5f-e313-42c9-a90d-38ed38260d48;RECÔNCAVO;40.0;c55a0ad5-b17d-4b40-b22f-836d5e5bf4c3
209;atualizado;;389f58ac-de0f-44e8-ad87-aa667c9b7459;UFRB;73cdfd5f-e313-42c9-a90d-38ed38260d48;RECÔNCAVO;40.0;c55a0ad5-b17d-4b40-b22f-836d5e5bf4c3
210;atualizado;;063caac0-64eb-4121-b402-a95050e299c2;UFRB;73cdfd5f-e313-42c9-a90d-38ed38260d48;RECÔNCAVO;40.0;c55a0ad5-b17d-4b40-b22f-836d5e5bf4c3
211;atualizado;;d484d8f6-4bc2-49d4-a958-7061b85667a6;UFRB;73cdfd5f-e313-42c9-a90d-38ed38260d48;RECÔNCAVO;40.0;c55a0ad5-b17d-4b40-b22f-836d5e5bf4c3
212;atualizado;;ded4e7e3-e5f4-42af-aee0-3d9b148af111;UFRB;73cdfd5f-e313-42c9-a90d-38ed38260d48;RECÔNCAVO;40.0;c55a0ad5-b17d-4b40-b22f-836d5e5bf4c3
213;atualizado;;46cfff7a-c5a9-4d17-87cd-01ac88467380;UFRB;73cdfd5f-e313-42c9-a90d-38ed38260d48;RECÔNCAVO;40.0;c55a0ad5-b17d-4b40-b22f-836d5e5bf4c3
214;atualizado;;49292176-ba3d-4de4-bad7-1c99fabf013a;UFRB;73cdfd5f-e313-42c9-a90d-38ed38260d48;RECÔNCAVO;40.0;c55a0ad5-b17d-4b40-b22f-836d5e5bf4c3
215;atualizado;;e858b90d-74af-4d53-8f45-bd4d4d61bc29;UFRB;73cdfd5f-e313-42c9-a90d-38ed38260d48;RECÔNCAVO;40.0;c55a0ad5-b17d-4b40-b22f-836d5e5bf4c3
216;atualizado;;aced3260-645c-47aa-a3a7-9d53f8fb439e;UFRB;73cdfd5f-e313-42c9-a90d-38ed38260d48;RECÔNCAVO;40.0;c55a0ad5-b17d-4b40-b22f-836d5e5bf4c3
217;atualizado;;9743eee8-e19b-487f-89e1-bcd02956233c;UFRB;73cdfd5f-e313-42c9-a90d-38ed38260d48;RECÔNCAVO;40.0;c55a0ad5-b17d-4b40-b22f-836d5e5bf4c3
218;atualizado;;0c071cb9-f664-4276-a345-7bc4fe0ccf36;UFRB;73cdfd5f-e313-42c9-a90d-38ed38260d48;RECÔNCAVO;40.0;c55a0ad5-b17d-4b40-b22f-836d5e5bf4c3
219;atualizado;;4baa9780-9d00-48de-a938-6b41ac4b1d7b;UFRB;73cdfd5f-e313-42c9-a90d-38ed38260d48;RECÔNCAVO;40.0;c55a0ad5-b17d-4b40-b22f-836d5e5bf4c3
220;atualizado;;dea293dd-e6c1-4622-b206-f4b46b4607b3;UFRB;73cdfd5f-e313-42c9-a90d-38ed38260d48;RECÔNCAVO;40.0;c55a0ad5-b17d-4b40-b22f-836d5e5bf4c3
221;atualizado;;7922a9c6-2cf8-4a83-baae-8287426d152c;UFRB;73cdfd5f-e313-42c9-a90d-38ed38260d48;RECÔNCAVO;40.0;c55a0ad5-b17d-4b40-b22f-836d5e5bf4c3
222;atualizado;;7ffa7403-4918-4ca9-9947-fad6c3090fb6;UFRB;73cdfd5f-e313-42c9-a90d-38ed38260d48;RECÔNCAVO;40.0;c55a0ad5-b17d-4b40-b22f-836d5e5bf4c3
223;atualizado;;b42dfc7f-5ca0-47c6-9970-cac97baf981c;UFRB;73cdfd5f-e313-42c9-a90d-38ed38260d48;RECÔNCAVO;40.0;c55a0ad5-b17d-4b40-b22f-836d5e5bf4c3
224;atualizado;;68833d12-3219-40c1-9f6b-ecb26c5df79c;UFRB;73cdfd5f-e313-42c9-a90d-38ed38260d48;RECÔNCAVO;40.0;c55a0ad5-b17d-4b40-b22f-836d5e5bf4c3
225;atualizado;;3cc63cc4-222e-4bb5-8529-b11cdd6a2ed9;UFRB;73cdfd5f-e313-42c9-a90d-38ed38260d48;RECÔNCAVO;40.0;c55a0ad5-b17d-4b40-b22f-836d5e5bf4c3
226;atualizado;;534bbbe4-3c82-4d9e-be07-ae5647a6d9b9;UFRB;73cdfd5f-e313-42c9-a90d-38ed38260d48;RECÔNCAVO;40.0;c55a0ad5-b17d-4b40-b22f-836d5e5bf4c3
227;atualizado;;c9b66cee-f0bb-4693-bcdf-b7f016776f83;UFRB;73cdfd5f-e313-42c9-a90d-38ed38260d48;RECÔNCAVO;40.0;c55a0ad5-b17d-4b40-b22f-836d5e5bf4c3
228;atualizado;;621812e0-2b06-4a6b-8d2e-d31265c14570;UFRB;73cdfd5f-e313-42c9-a90d-38ed38260d48;RECÔNCAVO;40.0;c55a0ad5-b17d-4b40-b22f-836d5e5bf4c3
229;atualizado;;130dea86-3ef4-42d2-9e36-bb461590bd90;UFRB;73cdfd5f-e313-42c9-a90d-38ed38260d48;RECÔNCAVO;40.0;c55a0ad5-b17d-4b40-b22f-836d5e5bf4c3
230;atualizado;;facf4b33-1c7d-40e4-b4f2-68bf60ec48f5;UFRB;73cdfd5f-e313-42c9-a90d-38ed38260d48;RECÔNCAVO;40.0;c55a0ad5-b17d-4b40-b22f-836d5e5bf4c3
231;atualizado;;1b785499-40f5-4fa4-b8a3-15dfd7619733;UFRB;73cdfd5f-e313-42c9-a90d-38ed38260d48;RECÔNCAVO;40.0;c55a0ad5-b17d-4b40-b22f-836d5e5bf4c3
232;atualizado;;1f8d9cfa-9d88-4aa4-b3c0-73e17e730509;UFRB;73cdfd5f-e313-42c9-a90d-38ed38260d48;RECÔNCAVO;40.0;c55a0ad5-b17d-4b40-b22f-836d5e5bf4c3
233;atualizado;;29758fc2-c95c-4d65-9011-1b2caa9f47c0;UFRB;73cdfd5f-e313-42c9-a90d-38ed38260d48;RECÔNCAVO;40.0;c55a0ad5-b17d-4b40-b22f-836d5e5bf4c3
234;atualizado;;4f1499b5-a39d-4cc3-b08e-17f128cf999f;UFRB;73cdfd5f-e313-42c9-a90d-38ed38260d48;RECÔNCAVO;40.0;c55a0ad5-b17d-4b40-b22f-836d5e5bf4c3
235;atualizado;;6dd8d7b9-7b36-4a8f-bf7a-b7c5fcb52ade;UFRB;73cdfd5f-e313-42c9-a90d-38ed38260d48;RECÔNCAVO;40.0;c55a0ad5-b17d-4b40-b22f-836d5e5bf4c3
236;atualizado;;ae10f216-ba75-4d4e-8b97-8dbaa5ef2002;UFRB;73cdfd5f-e313-42c9-a90d-38ed38260d48;RECÔNCAVO;40.0;c55a0ad5-b17d-4b40-b22f-836d5e5bf4c3
237;atualizado;;6d2214b5-018c-444c-a71a-d4eb0e53f6ea;UFRB;73cdfd5f-e313-42c9-a90d-38ed38260d48;RECÔNCAVO;40.0;c55a0ad5-b17d-4b40-b22f-836d5e5bf4c3
238;atualizado;;697ddac2-f958-4e8f-a4b7-3e2a69daf699;UFRB;73cdfd5f-e313-42c9-a90d-38ed38260d48;RECÔNCAVO;40.0;c55a0ad5-b17d-4b40-b22f-836d5e5bf4c3
239;atualizado;;3cbefce3-34a3-4c9a-87be-519a2da3e7e9;UFRB;73cdfd5f-e313-42c9-a90d-38ed38260d48;RECÔNCAVO;40.0;c55a0ad5-b17d-4b40-b22f-836d5e5bf4c3
240;ignorado;Pesquisador vinculado a outra universidade.;;UFRB;73cdfd5f-e313-42c9-a90d-38ed38260d48;;;
241;atualizado;;88bcd2bc-c032-41dc-873f-5062c27a7394;UFRB;73cdfd5f-e313-42c9-a90d-38ed38260d48;RECÔNCAVO;40.0;c55a0ad5-b17d-4b40-b22f-836d5e5bf4c3
242;atualizado;;28dfa5c6-797f-4779-ac2a-fe0bbe83a63d;UFRB;73cdfd5f-e313-42c9-a90d-38ed38260d48;RECÔNCAVO;40.0;c55a0ad5-b17d-4b40-b22f-836d5e5bf4c3
243;atualizado;;a3faf2ae-690f-423f-9cc0-3d423ce771aa;UFRB;73cdfd5f-e313-42c9-a90d-38ed38260d48;RECÔNCAVO;40.0;c55a0ad5-b17d-4b40-b22f-836d5e5bf4c3
244;atualizado;;72d66846-6c27-43bc-9dc5-525cf375359d;UFRB;73cdfd5f-e313-42c9-a90d-38ed38260d48;RECÔNCAVO;40.0;c55a0ad5-b17d-4b40-b22f-836d5e5bf4c3
245;atualizado;;3f7ebb37-effd-4558-be8d-52fdf140df7d;UFRB;73cdfd5f-e313-42c9-a90d-38ed38260d48;RECÔNCAVO;40.0;c55a0ad5-b17d-4b40-b22f-836d5e5bf4c3
246;atualizado;;182627b0-9503-4337-b835-dec67ee23e82;UFRB;73cdfd5f-e313-42c9-a90d-38ed38260d48;RECÔNCAVO;40.0;c55a0ad5-b17d-4b40-b22f-836d5e5bf4c3
247;atualizado;;b8693e7b-8d99-4abf-a7f3-7fd82a8b0e9e;UFRB;73cdfd5f-e313-42c9-a90d-38ed38260d48;RECÔNCAVO;40.0;c55a0ad5-b17d-4b40-b22f-836d5e5bf4c3
248;atualizado;;85a79d6e-881b-4e13-a37f-c5802119becc;UFRB;73cdfd5f-e313-42c9-a90d-38ed38260d48;RECÔNCAVO;40.0;c55a0ad5-b17d-4b40-b22f-836d5e5bf4c3
249;atualizado;;69bdf335-b483-48cf-bc6b-8d720281a433;UFRB;73cdfd5f-e313-42c9-a90d-38ed38260d48;RECÔNCAVO;40.0;c55a0ad5-b17d-4b40-b22f-836d5e5bf4c3
250;atualizado;;8e4e2cf0-d73a-4448-ac37-9c9bb821b644;UFRB;73cdfd5f-e313-42c9-a90d-38ed38260d48;RECÔNCAVO;40.0;c55a0ad5-b17d-4b40-b22f-836d5e5bf4c3
251;atualizado;;249c747f-be9b-4aed-bd39-cf91df70d0b3;UFRB;73cdfd5f-e313-42c9-a90d-38ed38260d48;RECÔNCAVO;40.0;c55a0ad5-b17d-4b40-b22f-836d5e5bf4c3
252;atualizado;;7cacaf69-6376-4fd7-b613-8d6354002be3;UFRB;73cdfd5f-e313-42c9-a90d-38ed38260d48;RECÔNCAVO;40.0;c55a0ad5-b17d-4b40-b22f-836d5e5bf4c3
253;atualizado;;deaedf07-842d-4c32-b38b-5cfdcbe6a108;UFRB;73cdfd5f-e313-42c9-a90d-38ed38260d48;RECÔNCAVO;40.0;c55a0ad5-b17d-4b40-b22f-836d5e5bf4c3
254;atualizado;;a61f3db9-8a00-478c-a2c7-2d6cbc5e9cd5;UFRB;73cdfd5f-e313-42c9-a90d-38ed38260d48;RECÔNCAVO;40.0;c55a0ad5-b17d-4b40-b22f-836d5e5bf4c3
255;atualizado;;7e78cf76-8ba3-4111-a6a1-a442884ec3e1;UFRB;73cdfd5f-e313-42c9-a90d-38ed38260d48;RECÔNCAVO;40.0;c55a0ad5-b17d-4b40-b22f-836d5e5bf4c3
256;atualizado;;a8d21276-e5d7-4b12-9a2b-835356a635da;UFRB;73cdfd5f-e313-42c9-a90d-38ed38260d48;RECÔNCAVO;40.0;c55a0ad5-b17d-4b40-b22f-836d5e5bf4c3
257;atualizado;;fa474ffe-71d3-4349-938b-c37a0a39d56b;UFRB;73cdfd5f-e313-42c9-a90d-38ed38260d48;RECÔNCAVO;40.0;c55a0ad5-b17d-4b40-b22f-836d5e5bf4c3
258;atualizado;;38a84889-c15e-41e9-8148-8776b2bd6087;UFRB;73cdfd5f-e313-42c9-a90d-38ed38260d48;RECÔNCAVO;40.0;c55a0ad5-b17d-4b40-b22f-836d5e5bf4c3
259;atualizado;;72a2fb92-0b2c-4c9c-a176-507d6b8838de;UFRB;73cdfd5f-e313-42c9-a90d-38ed38260d48;RECÔNCAVO;40.0;c55a0ad5-b17d-4b40-b22f-836d5e5bf4c3
260;atualizado;;00f39501-befd-4dcb-86d0-0bbd3194f77c;UFRB;73cdfd5f-e313-42c9-a90d-38ed38260d48;RECÔNCAVO;40.0;c55a0ad5-b17d-4b40-b22f-836d5e5bf4c3
261;ignorado;Pesquisador vinculado a outra universidade.;;UFRB;73cdfd5f-e313-42c9-a90d-38ed38260d48;;;
262;atualizado;;1b72e778-45af-4b14-a46f-535ddc4152b3;UFRB;73cdfd5f-e313-42c9-a90d-38ed38260d48;RECÔNCAVO;40.0;c55a0ad5-b17d-4b40-b22f-836d5e5bf4c3
263;atualizado;;4f751449-398f-494f-bf2a-4e612eb83578;UFRB;73cdfd5f-e313-42c9-a90d-38ed38260d48;RECÔNCAVO;40.0;c55a0ad5-b17d-4b40-b22f-836d5e5bf4c3
264;atualizado;;8f87bc35-1578-4b26-bf81-e691e57da5f8;UFRB;73cdfd5f-e313-42c9-a90d-38ed38260d48;RECÔNCAVO;40.0;c55a0ad5-b17d-4b40-b22f-836d5e5bf4c3
265;atualizado;;04d193ca-0c84-46c4-a2a4-bc49bd4a6e54;UFRB;73cdfd5f-e313-42c9-a90d-38ed38260d48;RECÔNCAVO;40.0;c55a0ad5-b17d-4b40-b22f-836d5e5bf4c3
266;atualizado;;174a115f-21d8-4b1c-8745-43c9691bff23;UFRB;73cdfd5f-e313-42c9-a90d-38ed38260d48;RECÔNCAVO;40.0;c55a0ad5-b17d-4b40-b22f-836d5e5bf4c3
267;atualizado;;714eb220-0492-4019-a6c4-c9c377e25537;UFRB;73cdfd5f-e313-42c9-a90d-38ed38260d48;RECÔNCAVO;40.0;c55a0ad5-b17d-4b40-b22f-836d5e5bf4c3
268;atualizado;;0c5f07cf-aac4-4d4c-b847-70c458280e14;UFRB;73cdfd5f-e313-42c9-a90d-38ed38260d48;RECÔNCAVO;40.0;c55a0ad5-b17d-4b40-b22f-836d5e5bf4c3
269;atualizado;;2d18c2ce-e0dd-40a7-82bc-4ab7df3b53b2;UFRB;73cdfd5f-e313-42c9-a90d-38ed38260d48;RECÔNCAVO;40.0;c55a0ad5-b17d-4b40-b22f-836d5e5bf4c3
270;atualizado;;e731212a-362f-4636-976a-13829466093f;UFRB;73cdfd5f-e313-42c9-a90d-38ed38260d48;RECÔNCAVO;40.0;c55a0ad5-b17d-4b40-b22f-836d5e5bf4c3
271;atualizado;;0eacdc6b-809b-4cc1-805e-19cd1454761c;UFRB;73cdfd5f-e313-42c9-a90d-38ed38260d48;RECÔNCAVO;40.0;c55a0ad5-b17d-4b40-b22f-836d5e5bf4c3
272;atualizado;;28741ec9-380f-4a4a-a643-460c28a26004;UFRB;73cdfd5f-e313-42c9-a90d-38ed38260d48;RECÔNCAVO;40.0;c55a0ad5-b17d-4b40-b22f-836d5e5bf4c3
273;atualizado;;475afa82-8eb9-4c65-8181-f43f109398f2;UFRB;73cdfd5f-e313-42c9-a90d-38ed38260d48;RECÔNCAVO;40.0;c55a0ad5-b17d-4b40-b22f-836d5e5bf4c3
274;atualizado;;419383fe-4207-4a8f-a41c-52a0da486e09;UFRB;73cdfd5f-e313-42c9-a90d-38ed38260d48;RECÔNCAVO;40.0;c55a0ad5-b17d-4b40-b22f-836d5e5bf4c3
275;atualizado;;9e5aa0d1-f651-4074-a6ea-d2c728090c85;UFRB;73cdfd5f-e313-42c9-a90d-38ed38260d48;RECÔNCAVO;40.0;c55a0ad5-b17d-4b40-b22f-836d5e5bf4c3
276;atualizado;;685bc8f9-0bbb-4d17-a94e-ac921d658eae;UFRB;73cdfd5f-e313-42c9-a90d-38ed38260d48;RECÔNCAVO;40.0;c55a0ad5-b17d-4b40-b22f-836d5e5bf4c3
277;atualizado;;5c1e3cdd-0817-4c1a-a73c-cb8ecc65e137;UFRB;73cdfd5f-e313-42c9-a90d-38ed38260d48;RECÔNCAVO;40.0;c55a0ad5-b17d-4b40-b22f-836d5e5bf4c3
278;atualizado;;02f7e23c-5c89-4aba-a58a-c7b799b68fd4;UFRB;73cdfd5f-e313-42c9-a90d-38ed38260d48;RECÔNCAVO;40.0;c55a0ad5-b17d-4b40-b22f-836d5e5bf4c3
279;atualizado;;7447a436-0846-44cc-96f8-81dfc41b34e0;UFRB;73cdfd5f-e313-42c9-a90d-38ed38260d48;RECÔNCAVO;40.0;c55a0ad5-b17d-4b40-b22f-836d5e5bf4c3
280;atualizado;;8967f8e3-5f79-4937-8a25-2a507d5db4f5;UFRB;73cdfd5f-e313-42c9-a90d-38ed38260d48;RECÔNCAVO;40.0;c55a0ad5-b17d-4b40-b22f-836d5e5bf4c3
281;atualizado;;e8ed72fe-c6be-4b82-b0a6-f937dd0f95c6;UFRB;73cdfd5f-e313-42c9-a90d-38ed38260d48;RECÔNCAVO;40.0;c55a0ad5-b17d-4b40-b22f-836d5e5bf4c3
282;atualizado;;af391b07-2e40-4cf8-ba56-605aadb66247;UFRB;73cdfd5f-e313-42c9-a90d-38ed38260d48;RECÔNCAVO;40.0;c55a0ad5-b17d-4b40-b22f-836d5e5bf4c3
283;atualizado;;1b5d9f0e-5fb1-418b-92b2-332ed7d46001;UFRB;73cdfd5f-e313-42c9-a90d-38ed38260d48;RECÔNCAVO;40.0;c55a0ad5-b17d-4b40-b22f-836d5e5bf4c3
284;atualizado;;909b5bb2-b8b9-41e8-95a3-0f1625ae4940;UFRB;73cdfd5f-e313-42c9-a90d-38ed38260d48;RECÔNCAVO;40.0;c55a0ad5-b17d-4b40-b22f-836d5e5bf4c3
285;atualizado;;5eb362ab-0587-4e46-aa3e-77675dbbf983;UFRB;73cdfd5f-e313-42c9-a90d-38ed38260d48;RECÔNCAVO;40.0;c55a0ad5-b17d-4b40-b22f-836d5e5bf4c3
286;atualizado;;af0927e2-4db2-4eb9-a0f2-9e92cbf8919b;UFRB;73cdfd5f-e313-42c9-a90d-38ed38260d48;RECÔNCAVO;40.0;c55a0ad5-b17d-4b40-b22f-836d5e5bf4c3
287;atualizado;;ec690c6e-b81d-4f23-bd74-0b567d7b3695;UFRB;73cdfd5f-e313-42c9-a90d-38ed38260d48;RECÔNCAVO;40.0;c55a0ad5-b17d-4b40-b22f-836d5e5bf4c3
288;atualizado;;28f4fd76-a87f-4a8e-bc9a-b0ab583c5263;UFRB;73cdfd5f-e313-42c9-a90d-38ed38260d48;RECÔNCAVO;40.0;c55a0ad5-b17d-4b40-b22f-836d5e5bf4c3
289;atualizado;;09888bf3-4b43-4105-bb98-0883e5f400ee;UFRB;73cdfd5f-e313-42c9-a90d-38ed38260d48;RECÔNCAVO;40.0;c55a0ad5-b17d-4b40-b22f-836d5e5bf4c3
290;atualizado;;a121f4fb-27f1-495f-934a-2fa8375c16b6;UFRB;73cdfd5f-e313-42c9-a90d-38ed38260d48;RECÔNCAVO;40.0;c55a0ad5-b17d-4b40-b22f-836d5e5bf4c3
291;atualizado;;e09b417e-d9e8-4af2-a31b-68163b1efa9c;UFRB;73cdfd5f-e313-42c9-a90d-38ed38260d48;RECÔNCAVO;40.0;c55a0ad5-b17d-4b40-b22f-836d5e5bf4c3
292;atualizado;;8aab281f-0dfc-4882-9107-9b3b616852ea;UFRB;73cdfd5f-e313-42c9-a90d-38ed38260d48;RECÔNCAVO;40.0;c55a0ad5-b17d-4b40-b22f-836d5e5bf4c3
293;atualizado;;2e482751-d67b-4962-9979-2d0d8e08d39a;UFRB;73cdfd5f-e313-42c9-a90d-38ed38260d48;RECÔNCAVO;40.0;c55a0ad5-b17d-4b40-b22f-836d5e5bf4c3
294;atualizado;;9d842325-245b-4b08-aba3-d513170867df;UFRB;73cdfd5f-e313-42c9-a90d-38ed38260d48;RECÔNCAVO;40.0;c55a0ad5-b17d-4b40-b22f-836d5e5bf4c3
295;atualizado;;be9f07c0-d8fb-4de4-9677-13324bc56172;UFRB;73cdfd5f-e313-42c9-a90d-38ed38260d48;RECÔNCAVO;40.0;c55a0ad5-b17d-4b40-b22f-836d5e5bf4c3
296;atualizado;;e390c9ec-e223-4074-841b-fc19de246a5f;UFRB;73cdfd5f-e313-42c9-a90d-38ed38260d48;RECÔNCAVO;40.0;c55a0ad5-b17d-4b40-b22f-836d5e5bf4c3
297;atualizado;;cd0445dc-ec59-436f-9856-337bea8fb73e;UFRB;73cdfd5f-e313-42c9-a90d-38ed38260d48;RECÔNCAVO;40.0;c55a0ad5-b17d-4b40-b22f-836d5e5bf4c3
298;atualizado;;392a16d5-9b89-4861-98af-0325f22cdc85;UFRB;73cdfd5f-e313-42c9-a90d-38ed38260d48;RECÔNCAVO;40.0;c55a0ad5-b17d-4b40-b22f-836d5e5bf4c3
299;atualizado;;fa148511-ba5e-4882-92bc-0b934d4a34f6;UFRB;73cdfd5f-e313-42c9-a90d-38ed38260d48;RECÔNCAVO;40.0;c55a0ad5-b17d-4b40-b22f-836d5e5bf4c3
300;atualizado;;e3d9db94-30fe-49a6-9f28-cd6f0b828665;UFRB;73cdfd5f-e313-42c9-a90d-38ed38260d48;RECÔNCAVO;40.0;c55a0ad5-b17d-4b40-b22f-836d5e5bf4c3
301;atualizado;;fe750b20-cbf0-4597-b4f0-2f37b6b7b7dd;UFRB;73cdfd5f-e313-42c9-a90d-38ed38260d48;RECÔNCAVO;40.0;c55a0ad5-b17d-4b40-b22f-836d5e5bf4c3
302;atualizado;;8236aabe-1f5d-4314-97db-c14f8628eb4d;UFRB;73cdfd5f-e313-42c9-a90d-38ed38260d48;RECÔNCAVO;40.0;c55a0ad5-b17d-4b40-b22f-836d5e5bf4c3
303;atualizado;;194ddce9-98bd-48a0-a84b-9607f5c80432;UFRB;73cdfd5f-e313-42c9-a90d-38ed38260d48;RECÔNCAVO;40.0;c55a0ad5-b17d-4b40-b22f-836d5e5bf4c3
304;atualizado;;4a5e8086-3141-4863-b03c-a1ef08b2caf1;UFRB;73cdfd5f-e313-42c9-a90d-38ed38260d48;RECÔNCAVO;40.0;c55a0ad5-b17d-4b40-b22f-836d5e5bf4c3
305;atualizado;;cbc730a7-f070-494c-aa95-0b44aa8e36b1;UFRB;73cdfd5f-e313-42c9-a90d-38ed38260d48;RECÔNCAVO;40.0;c55a0ad5-b17d-4b40-b22f-836d5e5bf4c3
306;atualizado;;24bbcd7d-81fa-45e1-a456-f20ce9326c6c;UFRB;73cdfd5f-e313-42c9-a90d-38ed38260d48;RECÔNCAVO;40.0;c55a0ad5-b17d-4b40-b22f-836d5e5bf4c3
307;atualizado;;d9e1797d-8384-4d00-93bb-b40b42784abb;UFRB;73cdfd5f-e313-42c9-a90d-38ed38260d48;RECÔNCAVO;40.0;
308;atualizado;;c7e9f3d4-3ce9-4ad4-91b2-4c6d6d37d2a9;UFRB;73cdfd5f-e313-42c9-a90d-38ed38260d48;RECÔNCAVO;40.0;
309;atualizado;;50daae06-34ad-4d35-a80f-86bb2c6416ab;UFRB;73cdfd5f-e313-42c9-a90d-38ed38260d48;RECÔNCAVO;40.0;
310;atualizado;;60871aa6-5efd-4ec8-b381-04093bc56df6;UFRB;73cdfd5f-e313-42c9-a90d-38ed38260d48;RECÔNCAVO;20.0;
311;atualizado;;04c4d0e8-1b3d-4006-837e-7f97a9caf06c;UFRB;73cdfd5f-e313-42c9-a90d-38ed38260d48;RECÔNCAVO;40.0;
312;atualizado;;fb10ed00-ce61-4d7e-9a48-0756598d8a65;UFRB;73cdfd5f-e313-42c9-a90d-38ed38260d48;RECÔNCAVO;40.0;
313;atualizado;;2b016a80-4347-4ffc-ab13-1ab6dc2ffce5;UFRB;73cdfd5f-e313-42c9-a90d-38ed38260d48;RECÔNCAVO;40.0;
314;atualizado;;6b91041e-4d14-4251-bb35-745a7029ec3e;UFRB;73cdfd5f-e313-42c9-a90d-38ed38260d48;RECÔNCAVO;40.0;
315;atualizado;;ed172108-5b81-41f4-b734-a375317530ad;UFRB;73cdfd5f-e313-42c9-a90d-38ed38260d48;RECÔNCAVO;40.0;
316;atualizado;;179429f6-c114-48ee-9cde-b402bad00056;UFRB;73cdfd5f-e313-42c9-a90d-38ed38260d48;RECÔNCAVO;40.0;
317;atualizado;;10861845-b1d4-4135-bd78-6d4fbed9c7f5;UFRB;73cdfd5f-e313-42c9-a90d-38ed38260d48;RECÔNCAVO;40.0;
318;atualizado;;deb3d6e0-601d-4f31-b89d-96dd5141ab89;UFRB;73cdfd5f-e313-42c9-a90d-38ed38260d48;RECÔNCAVO;20.0;
319;atualizado;;99840aee-e5c2-46a9-8242-b45425f1e156;UFRB;73cdfd5f-e313-42c9-a90d-38ed38260d48;RECÔNCAVO;40.0;
320;atualizado;;4805279e-f7e0-4247-806b-ae3a0b32c4a5;UFRB;73cdfd5f-e313-42c9-a90d-38ed38260d48;RECÔNCAVO;40.0;
321;atualizado;;4de7e952-8f0b-4bac-8155-8e626cf0739b;UFRB;73cdfd5f-e313-42c9-a90d-38ed38260d48;RECÔNCAVO;40.0;
322;atualizado;;7bd5a9aa-444a-485d-8368-4dd8c9703fef;UFRB;73cdfd5f-e313-42c9-a90d-38ed38260d48;RECÔNCAVO;20.0;
323;atualizado;;4ca8a3ce-623b-4e8d-990d-8401c559cd2d;UFRB;73cdfd5f-e313-42c9-a90d-38ed38260d48;RECÔNCAVO;40.0;
324;atualizado;;fdda1392-b540-4bcd-9797-13a0a1ab5a0d;UFRB;73cdfd5f-e313-42c9-a90d-38ed38260d48;RECÔNCAVO;40.0;
325;atualizado;;987f4174-de89-4e37-90ab-5757188cca99;UFRB;73cdfd5f-e313-42c9-a90d-38ed38260d48;RECÔNCAVO;40.0;
326;atualizado;;4c00b31f-87dc-43ae-a760-eb01bd1d52dd;UFRB;73cdfd5f-e313-42c9-a90d-38ed38260d48;RECÔNCAVO;20.0;
327;atualizado;;d30f48c3-9e57-4fd5-9b66-20db2052b40c;UFRB;73cdfd5f-e313-42c9-a90d-38ed38260d48;RECÔNCAVO;40.0;
328;atualizado;;fa9b4dc8-3a7c-4419-9e91-dfee153825a8;UFRB;73cdfd5f-e313-42c9-a90d-38ed38260d48;RECÔNCAVO;40.0;
329;atualizado;;cacd0047-5725-46dc-85b5-36a1edc869d5;UFRB;73cdfd5f-e313-42c9-a90d-38ed38260d48;RECÔNCAVO;40.0;
330;atualizado;;6b6bca4a-8043-411a-9a30-518d83142c24;UFRB;73cdfd5f-e313-42c9-a90d-38ed38260d48;RECÔNCAVO;40.0;
331;atualizado;;ef08eee8-5bdd-4592-8508-7a61ecf065db;UFRB;73cdfd5f-e313-42c9-a90d-38ed38260d48;RECÔNCAVO;40.0;
332;atualizado;;82c78133-1a3f-41dd-87fb-c57fb11c7bdb;UFRB;73cdfd5f-e313-42c9-a90d-38ed38260d48;RECÔNCAVO;20.0;
333;atualizado;;e699b805-f40e-4820-9025-46227f8b7abc;UFRB;73cdfd5f-e313-42c9-a90d-38ed38260d48;RECÔNCAVO;40.0;
334;atualizado;;92bd7a99-048f-4a30-908f-fd66ba694b4b;UFRB;73cdfd5f-e313-42c9-a90d-38ed38260d48;RECÔNCAVO;40.0;
335;atualizado;;70b442d9-e966-4cec-a2a2-c6bfa7fca378;UFRB;73cdfd5f-e313-42c9-a90d-38ed38260d48;RECÔNCAVO;40.0;
336;atualizado;;bde931db-7622-431f-8740-b483cb3846f6;UFRB;73cdfd5f-e313-42c9-a90d-38ed38260d48;RECÔNCAVO;20.0;
337;atualizado;;1b21832d-1da7-4c31-9542-262e335b9e03;UFRB;73cdfd5f-e313-42c9-a90d-38ed38260d48;RECÔNCAVO;20.0;
338;atualizado;;8cdc4df3-2955-47e9-97da-98a0322c78e2;UFRB;73cdfd5f-e313-42c9-a90d-38ed38260d48;RECÔNCAVO;40.0;
339;atualizado;;08aa707d-00f0-4731-b804-870fe9ba147b;UFRB;73cdfd5f-e313-42c9-a90d-38ed38260d48;RECÔNCAVO;40.0;
340;atualizado;;bcd93432-6a5e-4935-8b50-4d85d3a143ba;UFRB;73cdfd5f-e313-42c9-a90d-38ed38260d48;RECÔNCAVO;40.0;
341;atualizado;;f34d2f0f-7887-4cb7-ac3e-1bbe92eedd91;UFRB;73cdfd5f-e313-42c9-a90d-38ed38260d48;RECÔNCAVO;40.0;
342;atualizado;;48f59f9a-debe-4cde-85db-ad2e69cc7b08;UFRB;73cdfd5f-e313-42c9-a90d-38ed38260d48;RECÔNCAVO;40.0;
343;atualizado;;82aca996-382c-436e-a50a-8e1d47a7530a;UFRB;73cdfd5f-e313-42c9-a90d-38ed38260d48;RECÔNCAVO;40.0;
344;atualizado;;a9d92e7d-8a63-47bb-abee-2202dd124428;UFRB;73cdfd5f-e313-42c9-a90d-38ed38260d48;RECÔNCAVO;40.0;
345;atualizado;;cef5e718-4773-4b46-a8a9-46cec009c2ee;UFRB;73cdfd5f-e313-42c9-a90d-38ed38260d48;RECÔNCAVO;40.0;
346;atualizado;;f2a2e3a2-863c-4f05-9836-62b38e829747;UFRB;73cdfd5f-e313-42c9-a90d-38ed38260d48;RECÔNCAVO;40.0;
347;atualizado;;28547b75-c5c9-4e9b-a09c-350c7ccd5814;UFRB;73cdfd5f-e313-42c9-a90d-38ed38260d48;RECÔNCAVO;40.0;
348;atualizado;;2e869c8e-803c-4115-9de2-fb612d7f7b44;UFRB;73cdfd5f-e313-42c9-a90d-38ed38260d48;RECÔNCAVO;40.0;
349;atualizado;;01af7fd4-72c3-496a-81eb-c5eb9e91cb35;UFRB;73cdfd5f-e313-42c9-a90d-38ed38260d48;RECÔNCAVO;20.0;
350;atualizado;;678811fb-e652-417b-bdf9-88f4409429fd;UFRB;73cdfd5f-e313-42c9-a90d-38ed38260d48;RECÔNCAVO;20.0;
351;atualizado;;28e29378-5dc4-4512-b735-553995c06305;UFRB;73cdfd5f-e313-42c9-a90d-38ed38260d48;RECÔNCAVO;40.0;
352;atualizado;;86a596ec-c14d-4888-8810-86b46d662ac1;UFRB;73cdfd5f-e313-42c9-a90d-38ed38260d48;RECÔNCAVO;40.0;
353;atualizado;;ca1f6c45-67b6-4dc6-beb6-5e6905c95e40;UFRB;73cdfd5f-e313-42c9-a90d-38ed38260d48;RECÔNCAVO;20.0;
354;atualizado;;176cea1f-8036-422b-a415-3ae0021b9467;UFRB;73cdfd5f-e313-42c9-a90d-38ed38260d48;RECÔNCAVO;40.0;
355;atualizado;;506292f1-69dc-457d-b88b-85510d693670;UFRB;73cdfd5f-e313-42c9-a90d-38ed38260d48;RECÔNCAVO;40.0;
356;atualizado;;1530b5e2-4503-4cfa-b6d2-15d03455a3fa;UFRB;73cdfd5f-e313-42c9-a90d-38ed38260d48;RECÔNCAVO;40.0;
357;atualizado;;c90a8cfe-c42d-4a03-8ca4-91a3d7ec5584;UFRB;73cdfd5f-e313-42c9-a90d-38ed38260d48;RECÔNCAVO;40.0;
358;atualizado;;321da184-f20e-42f6-8e62-b831e6d4fe82;UFRB;73cdfd5f-e313-42c9-a90d-38ed38260d48;RECÔNCAVO;40.0;
359;atualizado;;7d43d3f6-6f70-4032-abd7-dab3c829bd63;UFRB;73cdfd5f-e313-42c9-a90d-38ed38260d48;RECÔNCAVO;40.0;
360;atualizado;;31a134d9-b1ca-4424-9c53-c206f787cdcd;UFRB;73cdfd5f-e313-42c9-a90d-38ed38260d48;RECÔNCAVO;40.0;
361;atualizado;;ed0bd6c5-801d-4b46-8213-89feb34ba73b;UFRB;73cdfd5f-e313-42c9-a90d-38ed38260d48;RECÔNCAVO;40.0;
362;atualizado;;b6a00921-8fcb-4250-9dc7-febcbb8581c7;UFRB;73cdfd5f-e313-42c9-a90d-38ed38260d48;RECÔNCAVO;40.0;
363;atualizado;;e6335acb-a96c-438a-b878-e00eea7f9c34;UFRB;73cdfd5f-e313-42c9-a90d-38ed38260d48;RECÔNCAVO;40.0;
364;atualizado;;a6c0045a-78d3-4129-bc0f-afe05e7536cc;UFRB;73cdfd5f-e313-42c9-a90d-38ed38260d48;RECÔNCAVO;40.0;
365;atualizado;;e33afb90-dfd2-4408-a854-8536a1ffe8c0;UFRB;73cdfd5f-e313-42c9-a90d-38ed38260d48;RECÔNCAVO;40.0;
366;atualizado;;e5359673-46cb-4573-82f4-a1305b3085c1;UFRB;73cdfd5f-e313-42c9-a90d-38ed38260d48;RECÔNCAVO;20.0;
367;atualizado;;8aa872e5-5872-422c-97c2-2211019caefc;UFRB;73cdfd5f-e313-42c9-a90d-38ed38260d48;RECÔNCAVO;40.0;
368;atualizado;;65866898-f156-4f5f-99bd-4eaf9ecae19b;UFRB;73cdfd5f-e313-42c9-a90d-38ed38260d48;RECÔNCAVO;40.0;
369;atualizado;;857f7622-d9a5-4689-ac5b-c6792c0a4653;UFRB;73cdfd5f-e313-42c9-a90d-38ed38260d48;RECÔNCAVO;40.0;
370;atualizado;;ac657695-d00e-4486-b1b2-76b39fa2677b;UFRB;73cdfd5f-e313-42c9-a90d-38ed38260d48;RECÔNCAVO;40.0;
371;atualizado;;e8d7e5b7-9032-49e8-82e6-ba1f67c0babd;UFRB;73cdfd5f-e313-42c9-a90d-38ed38260d48;RECÔNCAVO;40.0;
372;atualizado;;c74df31e-56f1-4f4c-b456-6a0278d037db;UFRB;73cdfd5f-e313-42c9-a90d-38ed38260d48;RECÔNCAVO;40.0;
373;atualizado;;8153ace4-6838-4e3a-9f36-345d1e700982;UFRB;73cdfd5f-e313-42c9-a90d-38ed38260d48;RECÔNCAVO;20.0;
374;atualizado;;e64e43d3-76a7-4d96-b3b9-e9f748fca455;UFRB;73cdfd5f-e313-42c9-a90d-38ed38260d48;RECÔNCAVO;40.0;
375;atualizado;;79d8ef47-3c5b-443a-bb93-009b7aac0798;UFRB;73cdfd5f-e313-42c9-a90d-38ed38260d48;RECÔNCAVO;20.0;
376;atualizado;;4a37ef59-f008-4256-a32e-48cd47874fb1;UFRB;73cdfd5f-e313-42c9-a90d-38ed38260d48;RECÔNCAVO;40.0;
377;atualizado;;2d02e4c2-58ba-4486-a7fc-bca4b9c47f76;UFRB;73cdfd5f-e313-42c9-a90d-38ed38260d48;RECÔNCAVO;40.0;
378;atualizado;;55ddf83c-1193-45b2-ae89-5c68f6395a03;UFRB;73cdfd5f-e313-42c9-a90d-38ed38260d48;RECÔNCAVO;40.0;
379;atualizado;;a69bbc35-89fd-407e-a9bc-89fbbf6ee9d1;UFRB;73cdfd5f-e313-42c9-a90d-38ed38260d48;RECÔNCAVO;40.0;
380;atualizado;;1b567351-f892-4087-9538-66e29455185c;UFRB;73cdfd5f-e313-42c9-a90d-38ed38260d48;RECÔNCAVO;40.0;
381;atualizado;;6bef423e-affe-4cb0-abd1-7a264ec3974e;UFRB;73cdfd5f-e313-42c9-a90d-38ed38260d48;RECÔNCAVO;40.0;
382;atualizado;;36959fb8-a740-4b28-acc8-933c50918591;UFRB;73cdfd5f-e313-42c9-a90d-38ed38260d48;RECÔNCAVO;40.0;
383;atualizado;;f2bc59c8-4a6a-48d5-9a5a-d3dc565f65d8;UFRB;73cdfd5f-e313-42c9-a90d-38ed38260d48;RECÔNCAVO;40.0;
384;atualizado;;1535bd4e-7a94-4f92-a71c-4e32ce5610a7;UFRB;73cdfd5f-e313-42c9-a90d-38ed38260d48;RECÔNCAVO;40.0;
385;atualizado;;16e99517-e1ab-4905-b22b-8f236a82f56a;UFRB;73cdfd5f-e313-42c9-a90d-38ed38260d48;RECÔNCAVO;40.0;
386;atualizado;;8468b42d-0cc6-49ae-872a-8732ad4b3306;UFRB;73cdfd5f-e313-42c9-a90d-38ed38260d48;RECÔNCAVO;40.0;
387;atualizado;;fc3662e4-e0d6-4a67-b8c9-007c882966fa;UFRB;73cdfd5f-e313-42c9-a90d-38ed38260d48;RECÔNCAVO;20.0;
388;ignorado;Pesquisador vinculado a outra universidade.;;UFRB;73cdfd5f-e313-42c9-a90d-38ed38260d48;;;
389;atualizado;;a933df66-6e98-46dd-b420-b535f6d057bf;UFRB;73cdfd5f-e313-42c9-a90d-38ed38260d48;RECÔNCAVO;40.0;
390;atualizado;;c289a474-5290-4a3e-9132-595023db68ee;UFRB;73cdfd5f-e313-42c9-a90d-38ed38260d48;RECÔNCAVO;20.0;
391;atualizado;;a7e2c18e-1186-42fb-a8f3-cd9f1e99ebd3;UFRB;73cdfd5f-e313-42c9-a90d-38ed38260d48;RECÔNCAVO;40.0;
392;atualizado;;7e230651-8bc0-4209-9558-d04912766fb2;UFRB;73cdfd5f-e313-42c9-a90d-38ed38260d48;RECÔNCAVO;40.0;
393;atualizado;;411dcb0d-6e1b-44df-978b-71f128742e8b;UFRB;73cdfd5f-e313-42c9-a90d-38ed38260d48;RECÔNCAVO;40.0;
394;atualizado;;8913946b-a6bd-4d0f-a7d9-317e4acc70d5;UFRB;73cdfd5f-e313-42c9-a90d-38ed38260d48;RECÔNCAVO;40.0;
395;atualizado;;a12e5b39-fb05-48ad-a203-92cfeeab9350;UFRB;73cdfd5f-e313-42c9-a90d-38ed38260d48;RECÔNCAVO;40.0;
396;atualizado;;a5153cb4-e33d-4ad1-b244-41d64bc0f975;UFRB;73cdfd5f-e313-42c9-a90d-38ed38260d48;RECÔNCAVO;40.0;
397;atualizado;;2f068428-6398-49e4-8375-bc01df7a84d8;UFRB;73cdfd5f-e313-42c9-a90d-38ed38260d48;RECÔNCAVO;40.0;
398;atualizado;;1cf9c472-de32-4a1d-8c02-81c10a4138f2;UFRB;73cdfd5f-e313-42c9-a90d-38ed38260d48;RECÔNCAVO;20.0;
399;atualizado;;bcdcb019-ecba-484f-9164-91486685c9a7;UFRB;73cdfd5f-e313-42c9-a90d-38ed38260d48;RECÔNCAVO;40.0;
400;atualizado;;3798321d-364f-4228-8ba6-30f9ad1ab251;UFRB;73cdfd5f-e313-42c9-a90d-38ed38260d48;RECÔNCAVO;20.0;
401;atualizado;;20d9d336-ab4f-4590-942c-9c43791b4ca6;UFRB;73cdfd5f-e313-42c9-a90d-38ed38260d48;RECÔNCAVO;40.0;
402;atualizado;;af1cb72f-139e-4ffa-8cb1-72d71f12c43e;UFRB;73cdfd5f-e313-42c9-a90d-38ed38260d48;RECÔNCAVO;40.0;
403;atualizado;;c570097e-56f1-4988-b19c-e7f62cfd10b1;UFRB;73cdfd5f-e313-42c9-a90d-38ed38260d48;RECÔNCAVO;40.0;
404;ignorado;Pesquisador vinculado a outra universidade.;;UFRB;73cdfd5f-e313-42c9-a90d-38ed38260d48;;;
405;atualizado;;51a65475-14bb-4197-813b-9437a9710045;UFRB;73cdfd5f-e313-42c9-a90d-38ed38260d48;RECÔNCAVO;40.0;
406;atualizado;;244df851-a05b-4406-bfa3-e47828c56564;UFRB;73cdfd5f-e313-42c9-a90d-38ed38260d48;RECÔNCAVO;40.0;
407;atualizado;;4d783367-106c-4c77-858c-03e6977077d1;UFRB;73cdfd5f-e313-42c9-a90d-38ed38260d48;RECÔNCAVO;20.0;
408;atualizado;;c88211ea-a5f2-4bcc-a4cd-16184e43cee4;UFRB;73cdfd5f-e313-42c9-a90d-38ed38260d48;RECÔNCAVO;20.0;
409;ignorado;Pesquisador vinculado a outra universidade.;;UFRB;73cdfd5f-e313-42c9-a90d-38ed38260d48;;;
410;atualizado;;7e9496c9-c0a3-492a-8e1b-d859ce2ea150;UFRB;73cdfd5f-e313-42c9-a90d-38ed38260d48;RECÔNCAVO;40.0;
411;atualizado;;11c51097-604b-4293-bf3f-0e7ac8711252;UFRB;73cdfd5f-e313-42c9-a90d-38ed38260d48;RECÔNCAVO;40.0;
412;atualizado;;b4d92d97-b515-4ebe-b348-e3a0e132912f;UFRB;73cdfd5f-e313-42c9-a90d-38ed38260d48;RECÔNCAVO;40.0;
413;atualizado;;83bbe7c3-771c-4abb-b6b9-b1a961d2ae79;UFRB;73cdfd5f-e313-42c9-a90d-38ed38260d48;RECÔNCAVO;40.0;
414;atualizado;;336544af-4c99-4d2b-8a8a-a7ad4336987b;UFRB;73cdfd5f-e313-42c9-a90d-38ed38260d48;RECÔNCAVO;40.0;
415;ignorado;Pesquisador vinculado a outra universidade.;;UFRB;73cdfd5f-e313-42c9-a90d-38ed38260d48;;;
416;atualizado;;220aecc7-96a9-423d-8d42-b5e273bdcc82;UFRB;73cdfd5f-e313-42c9-a90d-38ed38260d48;RECÔNCAVO;20.0;
417;atualizado;;5275b65c-d85c-4185-b592-f4f59d1d978e;UFRB;73cdfd5f-e313-42c9-a90d-38ed38260d48;RECÔNCAVO;40.0;
418;atualizado;;4917959d-78d9-460d-af74-c606e593dfcf;UFRB;73cdfd5f-e313-42c9-a90d-38ed38260d48;RECÔNCAVO;40.0;
419;atualizado;;0ba94a3b-369e-499f-ac49-022cab777e49;UFRB;73cdfd5f-e313-42c9-a90d-38ed38260d48;RECÔNCAVO;40.0;
420;atualizado;;7009ac90-7f88-48b5-aa27-e123538bf9ad;UFRB;73cdfd5f-e313-42c9-a90d-38ed38260d48;RECÔNCAVO;40.0;
421;atualizado;;68be84f4-cf3f-4c52-8000-72f772cf8472;UFRB;73cdfd5f-e313-42c9-a90d-38ed38260d48;RECÔNCAVO;40.0;
422;atualizado;;dfb7b0a7-61b8-4fff-b324-91e6ab1d7509;UFRB;73cdfd5f-e313-42c9-a90d-38ed38260d48;RECÔNCAVO;40.0;
423;atualizado;;c82a4e41-d1e4-4ee5-af4f-3604decaa6f8;UFRB;73cdfd5f-e313-42c9-a90d-38ed38260d48;RECÔNCAVO;40.0;
424;atualizado;;1753791d-2905-4f5f-b44d-44105f654763;UFRB;73cdfd5f-e313-42c9-a90d-38ed38260d48;RECÔNCAVO;40.0;
425;atualizado;;a94f90e8-ce2d-4165-8d3e-7c313dd9fbb5;UFRB;73cdfd5f-e313-42c9-a90d-38ed38260d48;RECÔNCAVO;40.0;
426;atualizado;;8c126e67-a3bf-4a05-adc2-ae3b9d62fd38;UFRB;73cdfd5f-e313-42c9-a90d-38ed38260d48;RECÔNCAVO;40.0;
427;ignorado;Pesquisador vinculado a outra universidade.;;UFRB;73cdfd5f-e313-42c9-a90d-38ed38260d48;;;
428;atualizado;;674b0392-356f-43bd-ae78-415eef1c8550;UFRB;73cdfd5f-e313-42c9-a90d-38ed38260d48;RECÔNCAVO;40.0;
429;atualizado;;6cd72309-f80a-4d40-884f-be55c6e757c4;UFRB;73cdfd5f-e313-42c9-a90d-38ed38260d48;RECÔNCAVO;40.0;
430;atualizado;;403c0581-66ce-4772-aaf7-929c20e87113;UFRB;73cdfd5f-e313-42c9-a90d-38ed38260d48;RECÔNCAVO;40.0;
431;atualizado;;b77d099b-ac20-4799-8763-31bc5f3fa071;UFRB;73cdfd5f-e313-42c9-a90d-38ed38260d48;RECÔNCAVO;40.0;
432;atualizado;;b02e076b-face-4216-9d9f-2a05e25bfd3a;UFRB;73cdfd5f-e313-42c9-a90d-38ed38260d48;RECÔNCAVO;40.0;
433;atualizado;;b52f012f-a0a7-4b87-a2b0-1835885daf2d;UFRB;73cdfd5f-e313-42c9-a90d-38ed38260d48;RECÔNCAVO;40.0;
434;atualizado;;1708b82e-2611-48ea-a009-6a56f2b5befe;UFRB;73cdfd5f-e313-42c9-a90d-38ed38260d48;RECÔNCAVO;40.0;
435;atualizado;;2d1231ef-4408-4dc9-adf6-f1d32d65bec5;UFRB;73cdfd5f-e313-42c9-a90d-38ed38260d48;RECÔNCAVO;40.0;
436;atualizado;;077054f7-5290-4a74-b204-bda3aee19127;UFRB;73cdfd5f-e313-42c9-a90d-38ed38260d48;RECÔNCAVO;40.0;
437;atualizado;;7e5afba3-1c10-4ee4-9dec-1bd0e38e79d0;UFRB;73cdfd5f-e313-42c9-a90d-38ed38260d48;RECÔNCAVO;40.0;
438;atualizado;;4d2938b4-9428-4997-9163-8b1bd6332ced;UFRB;73cdfd5f-e313-42c9-a90d-38ed38260d48;RECÔNCAVO;40.0;
439;atualizado;;e19621ea-f220-4612-87cb-51ffebf67fbe;UFRB;73cdfd5f-e313-42c9-a90d-38ed38260d48;RECÔNCAVO;40.0;
440;atualizado;;6b89516d-13bd-4402-8e6c-eb05671cd20e;UFRB;73cdfd5f-e313-42c9-a90d-38ed38260d48;RECÔNCAVO;40.0;
441;atualizado;;fb8cb0ef-15e5-4d6f-85ba-01766aae23dd;UFRB;73cdfd5f-e313-42c9-a90d-38ed38260d48;RECÔNCAVO;20.0;
442;atualizado;;ee53e4f5-5c38-4348-8d08-3fe3459ec209;UFRB;73cdfd5f-e313-42c9-a90d-38ed38260d48;RECÔNCAVO;20.0;
443;atualizado;;ecbbd96d-8d40-4278-8837-b2cf5e5c4ac7;UFRB;73cdfd5f-e313-42c9-a90d-38ed38260d48;RECÔNCAVO;40.0;
444;atualizado;;9de7a938-dd1d-4d84-8742-16f37310d10d;UFRB;73cdfd5f-e313-42c9-a90d-38ed38260d48;RECÔNCAVO;40.0;
445;atualizado;;8f0802a1-2e74-43aa-93dc-55ec62dc6c98;UFRB;73cdfd5f-e313-42c9-a90d-38ed38260d48;RECÔNCAVO;20.0;
446;atualizado;;1d06fc7c-2666-4c7b-8656-907fdc48af80;UFRB;73cdfd5f-e313-42c9-a90d-38ed38260d48;RECÔNCAVO;40.0;
447;atualizado;;53499360-2eaa-4c74-bc47-3f5a96f7928e;UFRB;73cdfd5f-e313-42c9-a90d-38ed38260d48;RECÔNCAVO;20.0;
448;atualizado;;a0016454-6c86-40cd-a7ca-f0f1395c81fb;UFRB;73cdfd5f-e313-42c9-a90d-38ed38260d48;RECÔNCAVO;40.0;
449;atualizado;;f6e16877-2e69-4355-9fcd-3b97f7a67303;UFRB;73cdfd5f-e313-42c9-a90d-38ed38260d48;RECÔNCAVO;40.0;
450;atualizado;;f8cc952f-c89d-42af-a9f0-93f6b3e790b3;UFRB;73cdfd5f-e313-42c9-a90d-38ed38260d48;RECÔNCAVO;40.0;
451;atualizado;;ae886c25-6200-4919-988f-2dc18cb9c3ea;UFRB;73cdfd5f-e313-42c9-a90d-38ed38260d48;RECÔNCAVO;40.0;
452;atualizado;;3c12e1e6-f367-4e02-8676-44773555c4e9;UFRB;73cdfd5f-e313-42c9-a90d-38ed38260d48;RECÔNCAVO;40.0;
453;atualizado;;b8a1e7fe-eec8-4918-9fb4-a29c6243148c;UFRB;73cdfd5f-e313-42c9-a90d-38ed38260d48;RECÔNCAVO;40.0;
454;atualizado;;64265908-9a93-488b-a3ba-de70534bd8d2;UFRB;73cdfd5f-e313-42c9-a90d-38ed38260d48;RECÔNCAVO;40.0;
455;ignorado;Pesquisador vinculado a outra universidade.;;UFRB;73cdfd5f-e313-42c9-a90d-38ed38260d48;;;
456;atualizado;;e11d89fc-04ed-49ce-8269-00b333f5c923;UFRB;73cdfd5f-e313-42c9-a90d-38ed38260d48;RECÔNCAVO;40.0;
457;atualizado;;f0d8f469-bd2e-4ca6-8647-15cd27bfad81;UFRB;73cdfd5f-e313-42c9-a90d-38ed38260d48;RECÔNCAVO;40.0;
458;atualizado;;75f989e4-2c12-4b1d-8f09-599d4e761be1;UFRB;73cdfd5f-e313-42c9-a90d-38ed38260d48;RECÔNCAVO;40.0;
459;atualizado;;c32d3bc3-44b2-4696-b592-2da5d494d4d9;UFRB;73cdfd5f-e313-42c9-a90d-38ed38260d48;RECÔNCAVO;40.0;
460;atualizado;;0f87b51e-b618-4a52-a0a4-c2525eee8d8e;UFRB;73cdfd5f-e313-42c9-a90d-38ed38260d48;RECÔNCAVO;40.0;
461;atualizado;;be92fc8a-d6d7-4531-bd3f-18947d4e0ea7;UFRB;73cdfd5f-e313-42c9-a90d-38ed38260d48;RECÔNCAVO;40.0;
462;ignorado;Pesquisador vinculado a outra universidade.;;UFRB;73cdfd5f-e313-42c9-a90d-38ed38260d48;;;
463;atualizado;;1b9da6d1-dcb6-4fd6-8cad-ba7372f7f0a3;UFRB;73cdfd5f-e313-42c9-a90d-38ed38260d48;RECÔNCAVO;40.0;
464;atualizado;;6b65315d-4323-4422-812b-1f87f25e5467;UFRB;73cdfd5f-e313-42c9-a90d-38ed38260d48;RECÔNCAVO;20.0;
465;atualizado;;2caf36f3-95b5-4fbc-b029-46d307381892;UFRB;73cdfd5f-e313-42c9-a90d-38ed38260d48;RECÔNCAVO;20.0;
466;atualizado;;9644b152-5692-45a6-be89-7eeeb580cedc;UFRB;73cdfd5f-e313-42c9-a90d-38ed38260d48;RECÔNCAVO;20.0;
467;atualizado;;2fb21713-a1b5-48b1-93e8-66105acc966d;UFRB;73cdfd5f-e313-42c9-a90d-38ed38260d48;RECÔNCAVO;40.0;
468;atualizado;;1230bf09-11cf-4e02-9478-ec95092477d3;UFRB;73cdfd5f-e313-42c9-a90d-38ed38260d48;RECÔNCAVO;40.0;
469;atualizado;;0888db34-d52e-4cd3-91b5-b12f4c96ab4e;UFRB;73cdfd5f-e313-42c9-a90d-38ed38260d48;RECÔNCAVO;20.0;
470;atualizado;;13137e13-a06e-4c2b-b4fe-916139cb0bdb;UFRB;73cdfd5f-e313-42c9-a90d-38ed38260d48;RECÔNCAVO;40.0;
471;atualizado;;dd36a2e9-6a16-4209-8e37-85e483266c37;UFRB;73cdfd5f-e313-42c9-a90d-38ed38260d48;RECÔNCAVO;40.0;
472;atualizado;;229abcdf-771e-4981-9a90-e363172c7dff;UFRB;73cdfd5f-e313-42c9-a90d-38ed38260d48;RECÔNCAVO;40.0;
473;atualizado;;16b4b2c4-2386-4703-abb5-71915ed828e8;UFRB;73cdfd5f-e313-42c9-a90d-38ed38260d48;RECÔNCAVO;40.0;
474;atualizado;;e59170cd-3f63-4915-a575-b21764539ab3;UFRB;73cdfd5f-e313-42c9-a90d-38ed38260d48;RECÔNCAVO;40.0;
475;atualizado;;031ab390-2732-49da-8fe1-e03e20cd3cc5;UFRB;73cdfd5f-e313-42c9-a90d-38ed38260d48;RECÔNCAVO;40.0;
476;atualizado;;78af48dc-cdb3-4e54-afac-0026bd7e5ffe;UFRB;73cdfd5f-e313-42c9-a90d-38ed38260d48;RECÔNCAVO;40.0;
477;atualizado;;f686f885-4cd9-4f14-a7f8-d6dc5bd70358;UFRB;73cdfd5f-e313-42c9-a90d-38ed38260d48;;40.0;
478;atualizado;;1368d143-90f5-4220-bdfb-7650c4933a7b;UFRB;73cdfd5f-e313-42c9-a90d-38ed38260d48;;40.0;
479;atualizado;;160e4d8f-c1bf-49b4-b048-c2b05fa849c9;UFRB;73cdfd5f-e313-42c9-a90d-38ed38260d48;;40.0;
480;atualizado;;f19dd87f-6c2a-41eb-8961-b3c638598a13;UFRB;73cdfd5f-e313-42c9-a90d-38ed38260d48;;40.0;
481;atualizado;;61cf0013-9a6d-45e8-b574-08bb353248c5;UFRB;73cdfd5f-e313-42c9-a90d-38ed38260d48;;40.0;
482;atualizado;;3e2d928f-9fb6-4cf2-82ad-bc0e19c396e7;UFRB;73cdfd5f-e313-42c9-a90d-38ed38260d48;;40.0;
483;atualizado;;f75daadc-bb2c-4053-8f97-3d6f2642c6a9;UFRB;73cdfd5f-e313-42c9-a90d-38ed38260d48;;40.0;
484;atualizado;;5ee255e6-ae42-4061-9f31-beecdb4bf564;UFRB;73cdfd5f-e313-42c9-a90d-38ed38260d48;;40.0;
485;atualizado;;d48471bf-57bd-4986-812e-0d60832b7fc4;UFRB;73cdfd5f-e313-42c9-a90d-38ed38260d48;;40.0;
486;atualizado;;6a22f618-5719-491c-94b5-cd8e46fbd29c;UFRB;73cdfd5f-e313-42c9-a90d-38ed38260d48;;40.0;
487;ignorado;Pesquisador vinculado a outra universidade.;;UFRB;73cdfd5f-e313-42c9-a90d-38ed38260d48;;;
488;atualizado;;6f97f997-0d1d-489e-86dd-d00a15ada2de;UFRB;73cdfd5f-e313-42c9-a90d-38ed38260d48;;40.0;
489;atualizado;;eba4df4d-b295-47b4-9701-df852da9e086;UFRB;73cdfd5f-e313-42c9-a90d-38ed38260d48;;40.0;
490;atualizado;;a167c02a-8654-4a0a-9b73-92c11d920d57;UFRB;73cdfd5f-e313-42c9-a90d-38ed38260d48;;20.0;
491;atualizado;;c5ed2be3-dc2a-4a1b-93fc-f65dbb655cbe;UFRB;73cdfd5f-e313-42c9-a90d-38ed38260d48;;40.0;
492;atualizado;;86ea7f39-b542-4e63-905c-a1b2ded9bf9b;UFRB;73cdfd5f-e313-42c9-a90d-38ed38260d48;;40.0;
493;atualizado;;3cfc9355-b0f8-4d2a-bda2-846c7adb11a2;UFRB;73cdfd5f-e313-42c9-a90d-38ed38260d48;;40.0;
494;atualizado;;778eb5ff-57ca-40ec-b625-1dad998f5035;UFRB;73cdfd5f-e313-42c9-a90d-38ed38260d48;;40.0;
495;atualizado;;09862054-914c-488e-ae12-3a402e9a4095;UFRB;73cdfd5f-e313-42c9-a90d-38ed38260d48;;40.0;
496;atualizado;;74196b07-6001-49ec-89f6-a61ef189e937;UFRB;73cdfd5f-e313-42c9-a90d-38ed38260d48;;40.0;
497;atualizado;;cd0362f5-fb11-4deb-83e5-0d791a574870;UFRB;73cdfd5f-e313-42c9-a90d-38ed38260d48;;40.0;
498;atualizado;;d8640780-0803-4a16-a935-4f125fca36ad;UFRB;73cdfd5f-e313-42c9-a90d-38ed38260d48;;40.0;
499;atualizado;;26300b77-6aa9-4807-ba73-678e08ffb541;UFRB;73cdfd5f-e313-42c9-a90d-38ed38260d48;;40.0;
500;atualizado;;948de50a-78d9-4e83-925f-1a948ce3dc6f;UFRB;73cdfd5f-e313-42c9-a90d-38ed38260d48;;40.0;
501;atualizado;;08f4b096-1ec1-4bbf-87b0-de02244994e6;UFRB;73cdfd5f-e313-42c9-a90d-38ed38260d48;;40.0;
502;atualizado;;718bdf48-67f1-49c4-805e-84ec1064721f;UFRB;73cdfd5f-e313-42c9-a90d-38ed38260d48;;40.0;
503;atualizado;;40a29aeb-fda2-4a28-82c1-0574410bd1ee;UFRB;73cdfd5f-e313-42c9-a90d-38ed38260d48;;40.0;
504;atualizado;;caa37c30-8212-49c5-838a-878dda10d97f;UFRB;73cdfd5f-e313-42c9-a90d-38ed38260d48;;40.0;
505;atualizado;;0158ffc1-b481-4c29-9a09-d17265de82bf;UFRB;73cdfd5f-e313-42c9-a90d-38ed38260d48;;40.0;
506;atualizado;;2a29efa7-7b61-438b-879f-24934daa2c3e;UFRB;73cdfd5f-e313-42c9-a90d-38ed38260d48;;40.0;
507;atualizado;;1971eb44-8ac2-4251-aafd-284b75da4db4;UFRB;73cdfd5f-e313-42c9-a90d-38ed38260d48;;40.0;
508;atualizado;;a1eb04d3-7d9b-4a9f-b191-8da4967b2ca7;UFRB;73cdfd5f-e313-42c9-a90d-38ed38260d48;;40.0;
509;atualizado;;1b04fc80-75eb-44e9-bddb-86691fdca1a1;UFRB;73cdfd5f-e313-42c9-a90d-38ed38260d48;;40.0;
510;atualizado;;08226043-039a-43bf-8c9a-bd99540c56b6;UFRB;73cdfd5f-e313-42c9-a90d-38ed38260d48;;40.0;
511;atualizado;;a76135be-b2b2-4c9e-b972-f773cf70ffaa;UFRB;73cdfd5f-e313-42c9-a90d-38ed38260d48;;40.0;
512;atualizado;;9c222803-bd7b-429f-b7ab-7c2a004d5a70;UFRB;73cdfd5f-e313-42c9-a90d-38ed38260d48;;40.0;
513;atualizado;;d1c8d745-dbdf-4a5f-a92a-1d6e3af8916d;UFRB;73cdfd5f-e313-42c9-a90d-38ed38260d48;;40.0;
514;atualizado;;f13c9039-d6f9-42b1-bff4-d40679f63f65;UFRB;73cdfd5f-e313-42c9-a90d-38ed38260d48;;40.0;
515;atualizado;;a3f777d0-bcf0-4cbd-94b5-1aa91841bc38;UFRB;73cdfd5f-e313-42c9-a90d-38ed38260d48;;40.0;
516;atualizado;;b4170334-8dfb-4a91-a886-1ee69806c4ce;UFRB;73cdfd5f-e313-42c9-a90d-38ed38260d48;;40.0;
517;atualizado;;028a4b44-19d1-479b-9486-445978520324;UFRB;73cdfd5f-e313-42c9-a90d-38ed38260d48;;40.0;
518;atualizado;;80a58001-7a10-4735-adee-cbcd03675b8b;UFRB;73cdfd5f-e313-42c9-a90d-38ed38260d48;;40.0;
519;atualizado;;4751e494-35f7-4858-b527-8a46f2bef1fb;UFRB;73cdfd5f-e313-42c9-a90d-38ed38260d48;;40.0;
520;atualizado;;6435b26b-70a0-4aae-bf44-d20563c4c35b;UFRB;73cdfd5f-e313-42c9-a90d-38ed38260d48;;40.0;
521;atualizado;;69d5d047-336a-474b-9bc5-2ede89532953;UFRB;73cdfd5f-e313-42c9-a90d-38ed38260d48;;40.0;
522;atualizado;;27df6466-9513-415d-a98f-410ffd77de7c;UFRB;73cdfd5f-e313-42c9-a90d-38ed38260d48;;40.0;
523;atualizado;;121a305f-8996-4a5c-9111-3e9858196631;UFRB;73cdfd5f-e313-42c9-a90d-38ed38260d48;;40.0;
524;atualizado;;72fa70b2-d39c-4217-99bc-260cf2eb2c6c;UFRB;73cdfd5f-e313-42c9-a90d-38ed38260d48;;40.0;
525;atualizado;;6c7b452f-7d69-4c0b-a75d-64835c7a77b9;UFRB;73cdfd5f-e313-42c9-a90d-38ed38260d48;;40.0;
526;atualizado;;eaa2331c-0228-4f1f-8a73-7999918f7e4a;UFRB;73cdfd5f-e313-42c9-a90d-38ed38260d48;;40.0;
527;atualizado;;3c988b45-fc99-41c8-ae41-aa77b238cfd4;UFRB;73cdfd5f-e313-42c9-a90d-38ed38260d48;;40.0;
528;atualizado;;4f235c65-0e12-4db7-bf34-a81f3cbedd54;UFRB;73cdfd5f-e313-42c9-a90d-38ed38260d48;;40.0;
529;atualizado;;5ee02b75-4817-43b3-9a96-7cd7d8e93522;UFRB;73cdfd5f-e313-42c9-a90d-38ed38260d48;;40.0;
530;atualizado;;a229b6f9-7019-4885-ae9d-5c201c4654a2;UFRB;73cdfd5f-e313-42c9-a90d-38ed38260d48;;40.0;
531;atualizado;;fa1655ab-c9d0-4aea-af8b-7c9010c86d4a;UFRB;73cdfd5f-e313-42c9-a90d-38ed38260d48;;40.0;
532;atualizado;;670da676-c400-4875-a099-16a8c54b4d49;UFRB;73cdfd5f-e313-42c9-a90d-38ed38260d48;;40.0;
533;atualizado;;91c37707-9975-42e2-a881-98ee669375ff;UFRB;73cdfd5f-e313-42c9-a90d-38ed38260d48;;40.0;
534;atualizado;;76102960-8938-47f3-9e1d-d1c968ccf4cd;UFRB;73cdfd5f-e313-42c9-a90d-38ed38260d48;;40.0;
535;atualizado;;f5a164cd-3300-48ef-a125-b5e10cae5d1d;UFRB;73cdfd5f-e313-42c9-a90d-38ed38260d48;;40.0;
536;atualizado;;282584a2-4a8d-41e3-a94c-09b20fa414b7;UFRB;73cdfd5f-e313-42c9-a90d-38ed38260d48;;40.0;
537;atualizado;;9e6791c3-5c3d-441e-9b26-7988b894aef2;UFRB;73cdfd5f-e313-42c9-a90d-38ed38260d48;;40.0;
538;atualizado;;8a654a1b-c839-4757-ba8a-9dbb6328b63e;UFRB;73cdfd5f-e313-42c9-a90d-38ed38260d48;;40.0;
539;atualizado;;612148ff-ebba-462f-a9f9-229fbdaf5482;UFRB;73cdfd5f-e313-42c9-a90d-38ed38260d48;;40.0;
540;atualizado;;2328e240-61dc-452c-959b-b55da813cf68;UFRB;73cdfd5f-e313-42c9-a90d-38ed38260d48;;40.0;
541;atualizado;;79953f5e-3f10-41f0-9dc1-0b7af38848f4;UFRB;73cdfd5f-e313-42c9-a90d-38ed38260d48;;40.0;
542;atualizado;;1ecb0ae9-fbb0-4086-b72c-521c8fec7faa;UFRB;73cdfd5f-e313-42c9-a90d-38ed38260d48;;40.0;
543;atualizado;;49ab7c80-b9f8-4c96-97f2-5dbc9ca713e1;UFRB;73cdfd5f-e313-42c9-a90d-38ed38260d48;;40.0;
544;atualizado;;26305f5f-7146-4ec0-b4a5-04940ef000d3;UFRB;73cdfd5f-e313-42c9-a90d-38ed38260d48;;40.0;
545;atualizado;;60073975-c8c6-4c59-8d59-67f1bf0a0efd;UFRB;73cdfd5f-e313-42c9-a90d-38ed38260d48;;40.0;
546;atualizado;;693c898a-df68-4228-86d2-e6b0c9109dc8;UFRB;73cdfd5f-e313-42c9-a90d-38ed38260d48;;40.0;
547;atualizado;;96c74dda-1639-49dd-8897-9ee88750c795;UFRB;73cdfd5f-e313-42c9-a90d-38ed38260d48;RECÔNCAVO;40.0;c55a0ad5-b17d-4b40-b22f-836d5e5bf4c3
548;atualizado;;d6b66547-3883-485a-8892-f1ba36b46707;UFRB;73cdfd5f-e313-42c9-a90d-38ed38260d48;RECÔNCAVO;40.0;c55a0ad5-b17d-4b40-b22f-836d5e5bf4c3
549;atualizado;;123875be-f523-4152-915b-2eb3bbef4376;UFRB;73cdfd5f-e313-42c9-a90d-38ed38260d48;RECÔNCAVO;40.0;c55a0ad5-b17d-4b40-b22f-836d5e5bf4c3
550;atualizado;;bda0e7af-3f93-485c-9ebb-513e887615da;UFRB;73cdfd5f-e313-42c9-a90d-38ed38260d48;RECÔNCAVO;40.0;c55a0ad5-b17d-4b40-b22f-836d5e5bf4c3
551;atualizado;;f410d681-9f70-4a10-950c-c3f96924e283;UFRB;73cdfd5f-e313-42c9-a90d-38ed38260d48;RECÔNCAVO;40.0;c55a0ad5-b17d-4b40-b22f-836d5e5bf4c3
552;atualizado;;e1943b29-6192-4b09-bd83-2d106cd0aa14;UFRB;73cdfd5f-e313-42c9-a90d-38ed38260d48;RECÔNCAVO;40.0;c55a0ad5-b17d-4b40-b22f-836d5e5bf4c3
553;ignorado;Pesquisador vinculado a outra universidade.;;UFRB;73cdfd5f-e313-42c9-a90d-38ed38260d48;;;
554;atualizado;;d8004b44-5e76-4fed-9b1c-18cd83768dab;UFRB;73cdfd5f-e313-42c9-a90d-38ed38260d48;RECÔNCAVO;40.0;c55a0ad5-b17d-4b40-b22f-836d5e5bf4c3
555;atualizado;;5e72326c-1316-4f73-9320-8fbff49b0f49;UFRB;73cdfd5f-e313-42c9-a90d-38ed38260d48;RECÔNCAVO;40.0;c55a0ad5-b17d-4b40-b22f-836d5e5bf4c3
556;atualizado;;0da5ebf1-25c5-4972-9048-4fc079594e3d;UFRB;73cdfd5f-e313-42c9-a90d-38ed38260d48;RECÔNCAVO;40.0;c55a0ad5-b17d-4b40-b22f-836d5e5bf4c3
557;atualizado;;cac1e10e-1284-4079-9cf4-a6b0c24094e7;UFRB;73cdfd5f-e313-42c9-a90d-38ed38260d48;RECÔNCAVO;40.0;c55a0ad5-b17d-4b40-b22f-836d5e5bf4c3
558;atualizado;;c10cb757-b05e-4b3f-8433-028ce57921c5;UFRB;73cdfd5f-e313-42c9-a90d-38ed38260d48;RECÔNCAVO;40.0;c55a0ad5-b17d-4b40-b22f-836d5e5bf4c3
559;atualizado;;19e78a6b-4827-49e3-8f9f-279fbc21d2b3;UFRB;73cdfd5f-e313-42c9-a90d-38ed38260d48;RECÔNCAVO;40.0;c55a0ad5-b17d-4b40-b22f-836d5e5bf4c3
560;atualizado;;f92aaf77-9a04-4359-8af7-4595831571d1;UFRB;73cdfd5f-e313-42c9-a90d-38ed38260d48;RECÔNCAVO;40.0;c55a0ad5-b17d-4b40-b22f-836d5e5bf4c3
561;atualizado;;b7cf9a71-a99a-4165-8e4e-688e6b6b99eb;UFRB;73cdfd5f-e313-42c9-a90d-38ed38260d48;RECÔNCAVO;40.0;c55a0ad5-b17d-4b40-b22f-836d5e5bf4c3
562;atualizado;;7a6ef9be-2bfe-4102-9b54-10a605f50a45;UFRB;73cdfd5f-e313-42c9-a90d-38ed38260d48;RECÔNCAVO;40.0;c55a0ad5-b17d-4b40-b22f-836d5e5bf4c3
563;atualizado;;d3cb7be4-ff1e-4a3e-90a0-b655e7105ccb;UFRB;73cdfd5f-e313-42c9-a90d-38ed38260d48;RECÔNCAVO;40.0;c55a0ad5-b17d-4b40-b22f-836d5e5bf4c3
564;atualizado;;410beb8d-f73e-43c6-91a5-ebb797aa3d69;UFRB;73cdfd5f-e313-42c9-a90d-38ed38260d48;RECÔNCAVO;40.0;c55a0ad5-b17d-4b40-b22f-836d5e5bf4c3
565;atualizado;;342a67d0-35f8-4f55-8163-fae833294134;UFRB;73cdfd5f-e313-42c9-a90d-38ed38260d48;RECÔNCAVO;40.0;c55a0ad5-b17d-4b40-b22f-836d5e5bf4c3
566;atualizado;;93067a96-a474-42d9-8676-2763b6fa416d;UFRB;73cdfd5f-e313-42c9-a90d-38ed38260d48;RECÔNCAVO;40.0;c55a0ad5-b17d-4b40-b22f-836d5e5bf4c3
567;atualizado;;e0d27d0f-d646-4060-9668-939bddcba9ec;UFRB;73cdfd5f-e313-42c9-a90d-38ed38260d48;RECÔNCAVO;40.0;c55a0ad5-b17d-4b40-b22f-836d5e5bf4c3
568;atualizado;;9e1a3f1d-b6ab-4cae-833f-57938f5a36c7;UFRB;73cdfd5f-e313-42c9-a90d-38ed38260d48;RECÔNCAVO;40.0;c55a0ad5-b17d-4b40-b22f-836d5e5bf4c3
569;atualizado;;5d39211a-00b1-4d44-bfe8-43aec5953a75;UFRB;73cdfd5f-e313-42c9-a90d-38ed38260d48;RECÔNCAVO;40.0;c55a0ad5-b17d-4b40-b22f-836d5e5bf4c3
570;atualizado;;8e434f5b-9d57-4fe2-a60f-26aba5824a53;UFRB;73cdfd5f-e313-42c9-a90d-38ed38260d48;RECÔNCAVO;40.0;c55a0ad5-b17d-4b40-b22f-836d5e5bf4c3
571;atualizado;;c68e5ff2-107e-42bf-85e4-88aca971357c;UFRB;73cdfd5f-e313-42c9-a90d-38ed38260d48;RECÔNCAVO;40.0;c55a0ad5-b17d-4b40-b22f-836d5e5bf4c3
572;atualizado;;ef9552b5-4f64-4224-a5c5-10a74e8f1df9;UFRB;73cdfd5f-e313-42c9-a90d-38ed38260d48;RECÔNCAVO;40.0;c55a0ad5-b17d-4b40-b22f-836d5e5bf4c3
573;atualizado;;150baed3-5c47-4591-a5b5-04ae51ffb6a7;UFRB;73cdfd5f-e313-42c9-a90d-38ed38260d48;RECÔNCAVO;40.0;c55a0ad5-b17d-4b40-b22f-836d5e5bf4c3
574;atualizado;;133e2c5d-3394-4b43-9123-35208251703c;UFRB;73cdfd5f-e313-42c9-a90d-38ed38260d48;RECÔNCAVO;40.0;c55a0ad5-b17d-4b40-b22f-836d5e5bf4c3
575;atualizado;;b5b97326-982c-4c16-a276-6b788e019ec1;UFRB;73cdfd5f-e313-42c9-a90d-38ed38260d48;RECÔNCAVO;40.0;c55a0ad5-b17d-4b40-b22f-836d5e5bf4c3
576;atualizado;;52a63702-a80a-4702-91c3-c8f82a670683;UFRB;73cdfd5f-e313-42c9-a90d-38ed38260d48;RECÔNCAVO;40.0;c55a0ad5-b17d-4b40-b22f-836d5e5bf4c3
577;atualizado;;09b445e6-887b-4366-bec9-0f74f6bcafd4;UFRB;73cdfd5f-e313-42c9-a90d-38ed38260d48;RECÔNCAVO;40.0;c55a0ad5-b17d-4b40-b22f-836d5e5bf4c3
578;atualizado;;ee8ba77c-2114-4389-b0f7-eee8e36040eb;UFRB;73cdfd5f-e313-42c9-a90d-38ed38260d48;RECÔNCAVO;40.0;c55a0ad5-b17d-4b40-b22f-836d5e5bf4c3
579;atualizado;;ba88302f-b22c-4650-ac5d-43863964a412;UFRB;73cdfd5f-e313-42c9-a90d-38ed38260d48;RECÔNCAVO;40.0;c55a0ad5-b17d-4b40-b22f-836d5e5bf4c3
580;atualizado;;52cc6bb9-bcb1-4fc8-b8be-ad73084562a3;UFRB;73cdfd5f-e313-42c9-a90d-38ed38260d48;RECÔNCAVO;40.0;c55a0ad5-b17d-4b40-b22f-836d5e5bf4c3
581;atualizado;;75adc963-7c6b-407e-88e1-dbc30f1bb7b3;UFRB;73cdfd5f-e313-42c9-a90d-38ed38260d48;RECÔNCAVO;40.0;c55a0ad5-b17d-4b40-b22f-836d5e5bf4c3
582;atualizado;;08da93b4-c03d-4564-9bfb-9ef45320d567;UFRB;73cdfd5f-e313-42c9-a90d-38ed38260d48;RECÔNCAVO;40.0;c55a0ad5-b17d-4b40-b22f-836d5e5bf4c3
583;atualizado;;9b479418-6d99-496c-97e2-17b83795457e;UFRB;73cdfd5f-e313-42c9-a90d-38ed38260d48;RECÔNCAVO;40.0;c55a0ad5-b17d-4b40-b22f-836d5e5bf4c3
584;atualizado;;f087ff56-810a-4c45-8fec-de954ec75d2e;UFRB;73cdfd5f-e313-42c9-a90d-38ed38260d48;RECÔNCAVO;40.0;c55a0ad5-b17d-4b40-b22f-836d5e5bf4c3
585;atualizado;;7488212f-ffbe-43b9-8179-680a61797022;UFRB;73cdfd5f-e313-42c9-a90d-38ed38260d48;RECÔNCAVO;40.0;c55a0ad5-b17d-4b40-b22f-836d5e5bf4c3
586;atualizado;;bae1e7e5-6f19-4333-9346-5acb8132fc1d;UFRB;73cdfd5f-e313-42c9-a90d-38ed38260d48;RECÔNCAVO;40.0;c55a0ad5-b17d-4b40-b22f-836d5e5bf4c3
587;atualizado;;ae55d228-e4b8-4661-be60-e820fc870fb3;UFRB;73cdfd5f-e313-42c9-a90d-38ed38260d48;RECÔNCAVO;40.0;c55a0ad5-b17d-4b40-b22f-836d5e5bf4c3
588;atualizado;;3c6fe1f3-2e25-4361-babe-2e63b9d336b1;UFRB;73cdfd5f-e313-42c9-a90d-38ed38260d48;RECÔNCAVO;40.0;c55a0ad5-b17d-4b40-b22f-836d5e5bf4c3
589;atualizado;;3fcc892f-7f95-4e71-b6ca-6d565a34d6c5;UFRB;73cdfd5f-e313-42c9-a90d-38ed38260d48;RECÔNCAVO;40.0;c55a0ad5-b17d-4b40-b22f-836d5e5bf4c3
590;atualizado;;a78545a5-8d1f-41b1-bb00-edcc11447daa;UFRB;73cdfd5f-e313-42c9-a90d-38ed38260d48;RECÔNCAVO;40.0;c55a0ad5-b17d-4b40-b22f-836d5e5bf4c3
591;atualizado;;6ec7f24e-f04f-4280-9d3a-32592f0e7d0b;UFRB;73cdfd5f-e313-42c9-a90d-38ed38260d48;RECÔNCAVO;40.0;c55a0ad5-b17d-4b40-b22f-836d5e5bf4c3
592;atualizado;;8d51fbca-19e6-46b6-97a7-bb03e077c856;UFRB;73cdfd5f-e313-42c9-a90d-38ed38260d48;RECÔNCAVO;20.0;c55a0ad5-b17d-4b40-b22f-836d5e5bf4c3
593;atualizado;;0f957e4d-2ee0-4dee-91d8-96f618ad91e5;UFRB;73cdfd5f-e313-42c9-a90d-38ed38260d48;RECÔNCAVO;40.0;c55a0ad5-b17d-4b40-b22f-836d5e5bf4c3
594;atualizado;;46e10e3a-2f53-4911-92bd-48aa8b4fe9c9;UFRB;73cdfd5f-e313-42c9-a90d-38ed38260d48;RECÔNCAVO;40.0;c55a0ad5-b17d-4b40-b22f-836d5e5bf4c3
595;atualizado;;f6fcb47f-b16e-49df-acdc-d2dd83df7e34;UFRB;73cdfd5f-e313-42c9-a90d-38ed38260d48;RECÔNCAVO;40.0;c55a0ad5-b17d-4b40-b22f-836d5e5bf4c3
596;atualizado;;ff303c81-76f3-4e67-a2c7-4f602cf8128c;UFRB;73cdfd5f-e313-42c9-a90d-38ed38260d48;RECÔNCAVO;40.0;c55a0ad5-b17d-4b40-b22f-836d5e5bf4c3
597;atualizado;;2aeec318-e5c6-4cf0-ba5d-d043ad023930;UFRB;73cdfd5f-e313-42c9-a90d-38ed38260d48;RECÔNCAVO;40.0;c55a0ad5-b17d-4b40-b22f-836d5e5bf4c3
598;atualizado;;59a46056-8737-45ca-8e6f-c26773a8bb61;UFRB;73cdfd5f-e313-42c9-a90d-38ed38260d48;RECÔNCAVO;40.0;c55a0ad5-b17d-4b40-b22f-836d5e5bf4c3
599;atualizado;;b4715f1b-6924-43fb-91e7-95a858234526;UFRB;73cdfd5f-e313-42c9-a90d-38ed38260d48;RECÔNCAVO;40.0;c55a0ad5-b17d-4b40-b22f-836d5e5bf4c3
600;atualizado;;d2739157-a3e7-4896-93fb-57d3b8f6ebf7;UFRB;73cdfd5f-e313-42c9-a90d-38ed38260d48;RECÔNCAVO;40.0;c55a0ad5-b17d-4b40-b22f-836d5e5bf4c3
601;atualizado;;b16fd5dd-4355-4979-b5db-c00e95d1858e;UFRB;73cdfd5f-e313-42c9-a90d-38ed38260d48;RECÔNCAVO;40.0;c55a0ad5-b17d-4b40-b22f-836d5e5bf4c3
602;atualizado;;56df4d14-18b7-4bcf-a79a-a746fa6ac28c;UFRB;73cdfd5f-e313-42c9-a90d-38ed38260d48;RECÔNCAVO;40.0;c55a0ad5-b17d-4b40-b22f-836d5e5bf4c3
603;atualizado;;9fd5c2f2-12c6-402e-a9eb-0215f057792b;UFRB;73cdfd5f-e313-42c9-a90d-38ed38260d48;RECÔNCAVO;40.0;c55a0ad5-b17d-4b40-b22f-836d5e5bf4c3
604;atualizado;;93946b7d-3fd9-45aa-b0ce-d4c8e2edd676;UFRB;73cdfd5f-e313-42c9-a90d-38ed38260d48;RECÔNCAVO;40.0;c55a0ad5-b17d-4b40-b22f-836d5e5bf4c3
605;atualizado;;18def2e0-4888-4081-8dd3-b4003838d4ba;UFRB;73cdfd5f-e313-42c9-a90d-38ed38260d48;RECÔNCAVO;40.0;c55a0ad5-b17d-4b40-b22f-836d5e5bf4c3
606;ignorado;Pesquisador vinculado a outra universidade.;;UFRB;73cdfd5f-e313-42c9-a90d-38ed38260d48;;;
607;atualizado;;cc48b1dc-4bde-45c9-aff8-996a2611aea9;UFRB;73cdfd5f-e313-42c9-a90d-38ed38260d48;RECÔNCAVO;40.0;c55a0ad5-b17d-4b40-b22f-836d5e5bf4c3
608;atualizado;;9156e9de-1a01-413f-8511-735a952e8ea1;UFRB;73cdfd5f-e313-42c9-a90d-38ed38260d48;RECÔNCAVO;40.0;c55a0ad5-b17d-4b40-b22f-836d5e5bf4c3
609;atualizado;;90fec6c2-ba1f-41f4-ad4f-ae6d587319b1;UFRB;73cdfd5f-e313-42c9-a90d-38ed38260d48;RECÔNCAVO;40.0;c55a0ad5-b17d-4b40-b22f-836d5e5bf4c3
610;atualizado;;5316a02e-4bc6-4dba-b054-6657a6a3ca10;UFRB;73cdfd5f-e313-42c9-a90d-38ed38260d48;RECÔNCAVO;40.0;c55a0ad5-b17d-4b40-b22f-836d5e5bf4c3
611;atualizado;;3835099b-fa7c-4f5f-b8f4-3dfde264e4fc;UFRB;73cdfd5f-e313-42c9-a90d-38ed38260d48;RECÔNCAVO;40.0;c55a0ad5-b17d-4b40-b22f-836d5e5bf4c3
612;atualizado;;6979c51c-8a75-45d2-962e-d1d1a8d929ef;UFRB;73cdfd5f-e313-42c9-a90d-38ed38260d48;RECÔNCAVO;40.0;c55a0ad5-b17d-4b40-b22f-836d5e5bf4c3
613;atualizado;;3fe3e265-2f0f-48b6-aa01-8f0b46cf570c;UFRB;73cdfd5f-e313-42c9-a90d-38ed38260d48;RECÔNCAVO;40.0;c55a0ad5-b17d-4b40-b22f-836d5e5bf4c3
614;atualizado;;3016e079-bcb6-493e-a85e-e88200ac37d0;UFRB;73cdfd5f-e313-42c9-a90d-38ed38260d48;RECÔNCAVO;40.0;c55a0ad5-b17d-4b40-b22f-836d5e5bf4c3
615;atualizado;;48bc3823-4912-44fb-867b-fd5aa370ed77;UFRB;73cdfd5f-e313-42c9-a90d-38ed38260d48;RECÔNCAVO;40.0;c55a0ad5-b17d-4b40-b22f-836d5e5bf4c3
616;atualizado;;399afc4d-6f65-490c-8b17-2ce14bc1e3df;UFRB;73cdfd5f-e313-42c9-a90d-38ed38260d48;RECÔNCAVO;40.0;c55a0ad5-b17d-4b40-b22f-836d5e5bf4c3
617;ignorado;Pesquisador vinculado a outra universidade.;;UFRB;73cdfd5f-e313-42c9-a90d-38ed38260d48;;;
618;atualizado;;cd038273-025e-4df2-8d7c-3c5d5a5097b9;UFRB;73cdfd5f-e313-42c9-a90d-38ed38260d48;RECÔNCAVO;40.0;c55a0ad5-b17d-4b40-b22f-836d5e5bf4c3
619;atualizado;;9ff1b553-3052-47f8-8c82-48c938bcfba0;UFRB;73cdfd5f-e313-42c9-a90d-38ed38260d48;RECÔNCAVO;40.0;c55a0ad5-b17d-4b40-b22f-836d5e5bf4c3
620;atualizado;;a6ff90e9-fb8a-492e-9aec-b714057de30f;UFRB;73cdfd5f-e313-42c9-a90d-38ed38260d48;RECÔNCAVO;40.0;c55a0ad5-b17d-4b40-b22f-836d5e5bf4c3
621;atualizado;;35231102-b9f7-485f-90f6-57b1c51d001c;UFRB;73cdfd5f-e313-42c9-a90d-38ed38260d48;RECÔNCAVO;40.0;c55a0ad5-b17d-4b40-b22f-836d5e5bf4c3
622;atualizado;;1be765ee-d973-441a-ab5e-90cc0dd90332;UFRB;73cdfd5f-e313-42c9-a90d-38ed38260d48;RECÔNCAVO;40.0;c55a0ad5-b17d-4b40-b22f-836d5e5bf4c3
623;atualizado;;ec94da4d-c22e-495b-a6d1-b962e4a4896f;UFRB;73cdfd5f-e313-42c9-a90d-38ed38260d48;RECÔNCAVO;40.0;c55a0ad5-b17d-4b40-b22f-836d5e5bf4c3
624;atualizado;;55f93385-d7a1-43a1-98d9-6c14212fd569;UFRB;73cdfd5f-e313-42c9-a90d-38ed38260d48;RECÔNCAVO;40.0;c55a0ad5-b17d-4b40-b22f-836d5e5bf4c3
625;atualizado;;81a00cdb-8873-4be8-a0a7-b452f331da0c;UFRB;73cdfd5f-e313-42c9-a90d-38ed38260d48;RECÔNCAVO;40.0;c55a0ad5-b17d-4b40-b22f-836d5e5bf4c3
626;atualizado;;b22dad5e-540f-44e7-ae7a-7e941fe27431;UFRB;73cdfd5f-e313-42c9-a90d-38ed38260d48;RECÔNCAVO;40.0;c55a0ad5-b17d-4b40-b22f-836d5e5bf4c3
627;atualizado;;2b9724d3-beb0-4da7-872c-a8d198ddf6ef;UFRB;73cdfd5f-e313-42c9-a90d-38ed38260d48;RECÔNCAVO;40.0;c55a0ad5-b17d-4b40-b22f-836d5e5bf4c3
628;atualizado;;b1da0f83-f421-42ed-a34e-d9311e0dd758;UFRB;73cdfd5f-e313-42c9-a90d-38ed38260d48;RECÔNCAVO;40.0;c55a0ad5-b17d-4b40-b22f-836d5e5bf4c3
629;atualizado;;56710f7a-4dfe-4aeb-964c-8af45487407e;UFRB;73cdfd5f-e313-42c9-a90d-38ed38260d48;RECÔNCAVO;40.0;c55a0ad5-b17d-4b40-b22f-836d5e5bf4c3
630;atualizado;;55002880-b601-406a-b5f8-042454cf9e38;UFRB;73cdfd5f-e313-42c9-a90d-38ed38260d48;RECÔNCAVO;40.0;c55a0ad5-b17d-4b40-b22f-836d5e5bf4c3
631;atualizado;;7e7a6fdc-dc35-4cdc-9e29-ee664086f6e3;UFRB;73cdfd5f-e313-42c9-a90d-38ed38260d48;RECÔNCAVO;40.0;c55a0ad5-b17d-4b40-b22f-836d5e5bf4c3
632;atualizado;;b08da870-a86d-4a30-bea5-1c4077664a40;UFRB;73cdfd5f-e313-42c9-a90d-38ed38260d48;RECÔNCAVO;20.0;c55a0ad5-b17d-4b40-b22f-836d5e5bf4c3
633;atualizado;;e8006ea9-689d-4721-a46f-588d5ba5e0be;UFRB;73cdfd5f-e313-42c9-a90d-38ed38260d48;RECÔNCAVO;40.0;c55a0ad5-b17d-4b40-b22f-836d5e5bf4c3
634;atualizado;;1339d676-9497-4d45-966a-ad513a711aa4;UFRB;73cdfd5f-e313-42c9-a90d-38ed38260d48;RECÔNCAVO;40.0;c55a0ad5-b17d-4b40-b22f-836d5e5bf4c3
635;atualizado;;ec01f664-7894-4963-a3fd-200238371a1e;UFRB;73cdfd5f-e313-42c9-a90d-38ed38260d48;RECÔNCAVO;40.0;c55a0ad5-b17d-4b40-b22f-836d5e5bf4c3
636;atualizado;;7bde37c3-294e-4357-9155-c69833628ad8;UFRB;73cdfd5f-e313-42c9-a90d-38ed38260d48;RECÔNCAVO;40.0;c55a0ad5-b17d-4b40-b22f-836d5e5bf4c3
637;atualizado;;3a1fc7c3-50b2-48c6-9838-35777dc55417;UFRB;73cdfd5f-e313-42c9-a90d-38ed38260d48;RECÔNCAVO;40.0;c55a0ad5-b17d-4b40-b22f-836d5e5bf4c3
638;atualizado;;ce962544-a959-4c5b-824e-b37ac1ab2e10;UFRB;73cdfd5f-e313-42c9-a90d-38ed38260d48;RECÔNCAVO;40.0;c55a0ad5-b17d-4b40-b22f-836d5e5bf4c3
639;atualizado;;06b83430-5afb-40e9-9c1a-641e7a1db991;UFRB;73cdfd5f-e313-42c9-a90d-38ed38260d48;RECÔNCAVO;40.0;c55a0ad5-b17d-4b40-b22f-836d5e5bf4c3
640;atualizado;;19cee827-ff86-4876-ae27-c0bc28aa2900;UFRB;73cdfd5f-e313-42c9-a90d-38ed38260d48;RECÔNCAVO;40.0;c55a0ad5-b17d-4b40-b22f-836d5e5bf4c3
641;atualizado;;248348ae-f38c-478a-bf00-de5b5ed4f2d1;UFRB;73cdfd5f-e313-42c9-a90d-38ed38260d48;RECÔNCAVO;40.0;c55a0ad5-b17d-4b40-b22f-836d5e5bf4c3
642;atualizado;;c2ec6e9e-a26e-4470-840d-0fa13af30474;UFRB;73cdfd5f-e313-42c9-a90d-38ed38260d48;RECÔNCAVO;40.0;c55a0ad5-b17d-4b40-b22f-836d5e5bf4c3
643;atualizado;;9014fd98-016b-4344-93d9-22f55ec37fa0;UFRB;73cdfd5f-e313-42c9-a90d-38ed38260d48;RECÔNCAVO;20.0;c55a0ad5-b17d-4b40-b22f-836d5e5bf4c3
644;atualizado;;c5c76d1c-580b-4561-ad93-dedcc66a9378;UFRB;73cdfd5f-e313-42c9-a90d-38ed38260d48;RECÔNCAVO;40.0;c55a0ad5-b17d-4b40-b22f-836d5e5bf4c3
645;atualizado;;0c2ae4e4-cdce-4116-9f4d-49d41ad61de3;UFRB;73cdfd5f-e313-42c9-a90d-38ed38260d48;RECÔNCAVO;40.0;c55a0ad5-b17d-4b40-b22f-836d5e5bf4c3
646;atualizado;;3eddbc7b-87ea-4f1f-afeb-3553bacabe8c;UFRB;73cdfd5f-e313-42c9-a90d-38ed38260d48;RECÔNCAVO;40.0;c55a0ad5-b17d-4b40-b22f-836d5e5bf4c3
647;atualizado;;d5af538c-c9ef-4e86-9200-18af35a6d125;UFRB;73cdfd5f-e313-42c9-a90d-38ed38260d48;RECÔNCAVO;40.0;c55a0ad5-b17d-4b40-b22f-836d5e5bf4c3
648;atualizado;;a677d8d5-e3ec-4312-b667-8d2978f795fe;UFRB;73cdfd5f-e313-42c9-a90d-38ed38260d48;RECÔNCAVO;40.0;c55a0ad5-b17d-4b40-b22f-836d5e5bf4c3
649;atualizado;;11ca8742-ccb7-40cd-acc2-66ffb8ba9a70;UFRB;73cdfd5f-e313-42c9-a90d-38ed38260d48;RECÔNCAVO;40.0;c55a0ad5-b17d-4b40-b22f-836d5e5bf4c3
650;atualizado;;09a88a7d-0a95-4ab4-b321-2c00ba1a00cf;UFRB;73cdfd5f-e313-42c9-a90d-38ed38260d48;RECÔNCAVO;40.0;c55a0ad5-b17d-4b40-b22f-836d5e5bf4c3
651;atualizado;;a8963738-daf5-46e7-b351-a8c57f6da136;UFRB;73cdfd5f-e313-42c9-a90d-38ed38260d48;RECÔNCAVO;40.0;c55a0ad5-b17d-4b40-b22f-836d5e5bf4c3
652;atualizado;;1f1bf2be-d1ff-4fe9-af3c-0309d9e52166;UFRB;73cdfd5f-e313-42c9-a90d-38ed38260d48;RECÔNCAVO;40.0;c55a0ad5-b17d-4b40-b22f-836d5e5bf4c3
653;atualizado;;6c84f707-533a-4f19-98be-988160b58324;UFRB;73cdfd5f-e313-42c9-a90d-38ed38260d48;RECÔNCAVO;40.0;c55a0ad5-b17d-4b40-b22f-836d5e5bf4c3
654;atualizado;;2e6df342-a0f3-4701-b2fe-9a8be5b5253e;UFRB;73cdfd5f-e313-42c9-a90d-38ed38260d48;RECÔNCAVO;40.0;c55a0ad5-b17d-4b40-b22f-836d5e5bf4c3
655;atualizado;;dfffda0d-64ef-48da-b4d5-cde16c923951;UFRB;73cdfd5f-e313-42c9-a90d-38ed38260d48;RECÔNCAVO;40.0;c55a0ad5-b17d-4b40-b22f-836d5e5bf4c3
656;atualizado;;67bc8277-79d0-4f18-8e00-d3dc03bcafac;UFRB;73cdfd5f-e313-42c9-a90d-38ed38260d48;RECÔNCAVO;40.0;c55a0ad5-b17d-4b40-b22f-836d5e5bf4c3
657;atualizado;;288bd87c-c21e-4e04-83f3-53e152c68aab;UFRB;73cdfd5f-e313-42c9-a90d-38ed38260d48;RECÔNCAVO;40.0;c55a0ad5-b17d-4b40-b22f-836d5e5bf4c3
658;atualizado;;220d3a2d-0d15-4564-986a-a96c0fb9420e;UFRB;73cdfd5f-e313-42c9-a90d-38ed38260d48;RECÔNCAVO;40.0;c55a0ad5-b17d-4b40-b22f-836d5e5bf4c3
659;atualizado;;f6814b86-60b5-4838-8a50-54b81632dcef;UFRB;73cdfd5f-e313-42c9-a90d-38ed38260d48;RECÔNCAVO;40.0;c55a0ad5-b17d-4b40-b22f-836d5e5bf4c3
660;atualizado;;716ed5ca-06d1-4f64-baa4-44f1323054c9;UFRB;73cdfd5f-e313-42c9-a90d-38ed38260d48;RECÔNCAVO;40.0;c55a0ad5-b17d-4b40-b22f-836d5e5bf4c3
661;atualizado;;b338e9d6-133e-4678-9548-c646d68e502d;UFRB;73cdfd5f-e313-42c9-a90d-38ed38260d48;RECÔNCAVO;40.0;c55a0ad5-b17d-4b40-b22f-836d5e5bf4c3
662;atualizado;;99b9311a-1c68-4da7-a2b3-0b5ab43ece96;UFRB;73cdfd5f-e313-42c9-a90d-38ed38260d48;RECÔNCAVO;40.0;c55a0ad5-b17d-4b40-b22f-836d5e5bf4c3
663;atualizado;;35b1dd73-a6c2-4aa9-bb77-4d7b10f9747c;UFRB;73cdfd5f-e313-42c9-a90d-38ed38260d48;RECÔNCAVO;40.0;c55a0ad5-b17d-4b40-b22f-836d5e5bf4c3
664;atualizado;;556425cc-583c-4575-8f38-84ad138a8ab1;UFRB;73cdfd5f-e313-42c9-a90d-38ed38260d48;RECÔNCAVO;40.0;c55a0ad5-b17d-4b40-b22f-836d5e5bf4c3
665;atualizado;;7e141269-236a-4b46-b87b-6074be4a5ff5;UFRB;73cdfd5f-e313-42c9-a90d-38ed38260d48;RECÔNCAVO;40.0;c55a0ad5-b17d-4b40-b22f-836d5e5bf4c3
666;atualizado;;24332268-3b7c-4a76-9dbf-7954c9bb9f5f;UFRB;73cdfd5f-e313-42c9-a90d-38ed38260d48;RECÔNCAVO;40.0;c55a0ad5-b17d-4b40-b22f-836d5e5bf4c3
667;atualizado;;83a0784b-0ac7-4ed4-96a6-f18138539ed9;UFRB;73cdfd5f-e313-42c9-a90d-38ed38260d48;RECÔNCAVO;40.0;c55a0ad5-b17d-4b40-b22f-836d5e5bf4c3
668;atualizado;;46c3acc7-01e9-40c1-89e6-f5519a326025;UFRB;73cdfd5f-e313-42c9-a90d-38ed38260d48;RECÔNCAVO;40.0;c55a0ad5-b17d-4b40-b22f-836d5e5bf4c3
669;atualizado;;828c7082-e876-412e-89c8-877bbf4fc5cc;UFRB;73cdfd5f-e313-42c9-a90d-38ed38260d48;PORTAL DO SERTÃO;40.0;
670;atualizado;;7823f038-04bf-487c-b896-5c25f26e2c2b;UFRB;73cdfd5f-e313-42c9-a90d-38ed38260d48;PORTAL DO SERTÃO;40.0;
671;atualizado;;7aeda60f-5efb-4eb5-94c9-8c3537ba4a46;UFRB;73cdfd5f-e313-42c9-a90d-38ed38260d48;PORTAL DO SERTÃO;40.0;
672;atualizado;;a7148daf-e490-4ec5-b729-907c38b1d735;UFRB;73cdfd5f-e313-42c9-a90d-38ed38260d48;PORTAL DO SERTÃO;40.0;
673;atualizado;;6183a451-1bf4-4b3e-b2b3-3ca412dc32d8;UFRB;73cdfd5f-e313-42c9-a90d-38ed38260d48;PORTAL DO SERTÃO;40.0;
674;atualizado;;7751d344-366b-45c4-be1f-e8e9ed8e1a6f;UFRB;73cdfd5f-e313-42c9-a90d-38ed38260d48;PORTAL DO SERTÃO;40.0;
675;atualizado;;215d56a9-93ff-4eca-9124-c45420a31e51;UFRB;73cdfd5f-e313-42c9-a90d-38ed38260d48;PORTAL DO SERTÃO;40.0;
676;atualizado;;8ccc31ff-ebf8-4cbe-8f1a-4cc0c3d9dc36;UFRB;73cdfd5f-e313-42c9-a90d-38ed38260d48;PORTAL DO SERTÃO;40.0;
677;atualizado;;4bdc0072-e6d4-41b7-8e19-ead2717fa9d8;UFRB;73cdfd5f-e313-42c9-a90d-38ed38260d48;PORTAL DO SERTÃO;40.0;
678;atualizado;;02329ec2-7d7f-49b6-b7ab-23f5eccffe41;UFRB;73cdfd5f-e313-42c9-a90d-38ed38260d48;PORTAL DO SERTÃO;40.0;
679;atualizado;;a2718636-5391-44b8-bd84-4360de05d375;UFRB;73cdfd5f-e313-42c9-a90d-38ed38260d48;PORTAL DO SERTÃO;40.0;
680;atualizado;;1659bf7c-873f-4886-812a-5b71a47554b9;UFRB;73cdfd5f-e313-42c9-a90d-38ed38260d48;PORTAL DO SERTÃO;40.0;
681;atualizado;;6b5eabc2-7480-4952-a91b-f2bddffa9476;UFRB;73cdfd5f-e313-42c9-a90d-38ed38260d48;PORTAL DO SERTÃO;40.0;
682;atualizado;;bc9dd949-61a2-4c38-bda5-bb8a63fecec5;UFRB;73cdfd5f-e313-42c9-a90d-38ed38260d48;PORTAL DO SERTÃO;40.0;
683;atualizado;;ef9f289b-622e-4286-b08f-7f96ab3e1bcd;UFRB;73cdfd5f-e313-42c9-a90d-38ed38260d48;PORTAL DO SERTÃO;40.0;
684;atualizado;;e6200b31-fab3-4912-92cb-2d29be614f08;UFRB;73cdfd5f-e313-42c9-a90d-38ed38260d48;PORTAL DO SERTÃO;40.0;
685;atualizado;;cac1aa0c-4900-4a96-9913-5a313b64bdd5;UFRB;73cdfd5f-e313-42c9-a90d-38ed38260d48;PORTAL DO SERTÃO;40.0;
686;atualizado;;a7d932f5-daea-451f-82d6-cf27b445bca9;UFRB;73cdfd5f-e313-42c9-a90d-38ed38260d48;PORTAL DO SERTÃO;40.0;
687;atualizado;;4a18205b-4311-4bd8-8ed5-8d1875691ca7;UFRB;73cdfd5f-e313-42c9-a90d-38ed38260d48;PORTAL DO SERTÃO;40.0;
688;atualizado;;711c3d4a-db8e-4b52-93ea-1c32a6d14775;UFRB;73cdfd5f-e313-42c9-a90d-38ed38260d48;PORTAL DO SERTÃO;40.0;
689;atualizado;;7abe4514-a294-4adf-8a56-8b50c92d6b85;UFRB;73cdfd5f-e313-42c9-a90d-38ed38260d48;PORTAL DO SERTÃO;40.0;
690;atualizado;;adbd0704-4ed0-4939-803f-7aae324c95a4;UFRB;73cdfd5f-e313-42c9-a90d-38ed38260d48;PORTAL DO SERTÃO;40.0;
691;atualizado;;09ebf31d-73a6-4e2d-bcd5-390220aea53e;UFRB;73cdfd5f-e313-42c9-a90d-38ed38260d48;PORTAL DO SERTÃO;40.0;
692;atualizado;;2971e666-8544-47be-91e9-75c610ca4819;UFRB;73cdfd5f-e313-42c9-a90d-38ed38260d48;PORTAL DO SERTÃO;40.0;
693;atualizado;;b45b88fe-0bc1-4c35-b932-c274cc90c8db;UFRB;73cdfd5f-e313-42c9-a90d-38ed38260d48;PORTAL DO SERTÃO;40.0;
694;atualizado;;121d6521-a1c2-4892-8399-c0f73ca85f43;UFRB;73cdfd5f-e313-42c9-a90d-38ed38260d48;PORTAL DO SERTÃO;40.0;
695;atualizado;;850edc43-9167-4018-820b-d3fdfba153b8;UFRB;73cdfd5f-e313-42c9-a90d-38ed38260d48;PORTAL DO SERTÃO;40.0;
696;atualizado;;75a225d0-de41-48f6-a595-b366940d0814;UFRB;73cdfd5f-e313-42c9-a90d-38ed38260d48;PORTAL DO SERTÃO;40.0;
697;atualizado;;59103639-6fc0-4081-9dc0-a7c941a61d57;UFRB;73cdfd5f-e313-42c9-a90d-38ed38260d48;PORTAL DO SERTÃO;40.0;
698;atualizado;;8c66d7ae-0aee-494c-bcf5-706000d48e77;UFRB;73cdfd5f-e313-42c9-a90d-38ed38260d48;PORTAL DO SERTÃO;40.0;
699;atualizado;;443342f1-1cf3-43b4-8153-153db7eb97b8;UFRB;73cdfd5f-e313-42c9-a90d-38ed38260d48;PORTAL DO SERTÃO;40.0;
700;atualizado;;053436e4-77ce-4af5-8024-760cb8fd8754;UFRB;73cdfd5f-e313-42c9-a90d-38ed38260d48;PORTAL DO SERTÃO;40.0;
701;atualizado;;d868ad92-1495-4f97-ab4f-32b6c01f9093;UFRB;73cdfd5f-e313-42c9-a90d-38ed38260d48;PORTAL DO SERTÃO;40.0;
702;atualizado;;66830ff6-5600-4855-95e6-4e85bac2d8e7;UFRB;73cdfd5f-e313-42c9-a90d-38ed38260d48;PORTAL DO SERTÃO;40.0;
703;atualizado;;4fafd2fd-c5d6-425b-92b6-42659b15ddbd;UFRB;73cdfd5f-e313-42c9-a90d-38ed38260d48;PORTAL DO SERTÃO;40.0;
704;atualizado;;3b7fe2e9-1f39-4432-8a8a-ea0bdffad9f0;UFRB;73cdfd5f-e313-42c9-a90d-38ed38260d48;PORTAL DO SERTÃO;40.0;
705;atualizado;;8abfa3d5-069f-4050-b58b-97936f74e7a1;UFRB;73cdfd5f-e313-42c9-a90d-38ed38260d48;PORTAL DO SERTÃO;40.0;
706;atualizado;;dd8b5b20-07e2-40bb-8d87-5a410c718420;UFRB;73cdfd5f-e313-42c9-a90d-38ed38260d48;PORTAL DO SERTÃO;40.0;
707;atualizado;;5a9d6be1-f82a-48f2-813e-79f1ab9244c2;UFRB;73cdfd5f-e313-42c9-a90d-38ed38260d48;PORTAL DO SERTÃO;40.0;
708;atualizado;;62de21d1-5312-4c66-96fb-3381f4d81235;UFRB;73cdfd5f-e313-42c9-a90d-38ed38260d48;PORTAL DO SERTÃO;40.0;
709;atualizado;;d678081f-46e1-47d0-8d9e-724b095300d5;UFRB;73cdfd5f-e313-42c9-a90d-38ed38260d48;PORTAL DO SERTÃO;40.0;
710;atualizado;;d5ece4af-b76e-45ea-90f6-dd2b564ae3b9;UFRB;73cdfd5f-e313-42c9-a90d-38ed38260d48;PORTAL DO SERTÃO;40.0;
711;atualizado;;43de5bee-6908-463f-979b-0f82d7995a2c;UFRB;73cdfd5f-e313-42c9-a90d-38ed38260d48;PORTAL DO SERTÃO;40.0;
712;atualizado;;9a1da4c6-6b79-4053-81ac-e9bf95b6b2aa;UFRB;73cdfd5f-e313-42c9-a90d-38ed38260d48;PORTAL DO SERTÃO;40.0;
713;atualizado;;85a97048-c7b1-4b81-a8e4-d14a9d094add;UFRB;73cdfd5f-e313-42c9-a90d-38ed38260d48;PORTAL DO SERTÃO;40.0;
714;atualizado;;4f6ae63c-0b14-437f-8e1e-95dc44ff8235;UFRB;73cdfd5f-e313-42c9-a90d-38ed38260d48;PORTAL DO SERTÃO;40.0;
715;atualizado;;568b97ff-feb3-4d81-865a-aa7dbf8e7809;UFRB;73cdfd5f-e313-42c9-a90d-38ed38260d48;PORTAL DO SERTÃO;40.0;
716;atualizado;;f24b9dc8-aa26-4ce1-b9c1-925e8dc58a07;UFRB;73cdfd5f-e313-42c9-a90d-38ed38260d48;PORTAL DO SERTÃO;40.0;
717;atualizado;;2f0a63d2-0b93-4aac-a377-771e07654bb8;UFRB;73cdfd5f-e313-42c9-a90d-38ed38260d48;PORTAL DO SERTÃO;40.0;
718;atualizado;;2e239a57-43bb-4c60-8a77-1b55170a8dfb;UFRB;73cdfd5f-e313-42c9-a90d-38ed38260d48;PORTAL DO SERTÃO;40.0;
719;atualizado;;2d3b3742-2b45-45bc-a6c1-58adc3387f05;UFRB;73cdfd5f-e313-42c9-a90d-38ed38260d48;PORTAL DO SERTÃO;40.0;
720;atualizado;;64e6a1d8-8651-40f4-8fec-b7eb7c230479;UFRB;73cdfd5f-e313-42c9-a90d-38ed38260d48;PORTAL DO SERTÃO;40.0;
721;atualizado;;914fcaf2-d88d-4e8c-9b6b-c095a4030fd6;UFRB;73cdfd5f-e313-42c9-a90d-38ed38260d48;PORTAL DO SERTÃO;40.0;
722;atualizado;;b01cc376-096b-4697-9cec-e9e8fc0915c8;UFRB;73cdfd5f-e313-42c9-a90d-38ed38260d48;PORTAL DO SERTÃO;40.0;
723;atualizado;;fff1b6c1-8583-4f5e-9d8d-93d9baf3d40e;UFRB;73cdfd5f-e313-42c9-a90d-38ed38260d48;PORTAL DO SERTÃO;40.0;
724;atualizado;;e5c14b9b-3514-4a76-8dbd-3dd91251cc71;UFRB;73cdfd5f-e313-42c9-a90d-38ed38260d48;PORTAL DO SERTÃO;40.0;
725;atualizado;;e403ff92-ae7e-4344-9565-50df3f6cc9b3;UFRB;73cdfd5f-e313-42c9-a90d-38ed38260d48;PORTAL DO SERTÃO;40.0;
726;atualizado;;7cefcbf7-45b4-438a-84e4-d7d18449003a;UFRB;73cdfd5f-e313-42c9-a90d-38ed38260d48;PORTAL DO SERTÃO;40.0;
727;atualizado;;00be4214-58af-4173-9e64-e22a6fd5755d;UFRB;73cdfd5f-e313-42c9-a90d-38ed38260d48;PORTAL DO SERTÃO;40.0;
728;atualizado;;e5050c2c-2cbe-4546-b9de-da416f932691;UFRB;73cdfd5f-e313-42c9-a90d-38ed38260d48;PORTAL DO SERTÃO;40.0;
729;atualizado;;710db1c1-0ff2-4262-8264-ea82490e4a94;UFRB;73cdfd5f-e313-42c9-a90d-38ed38260d48;PORTAL DO SERTÃO;40.0;
730;atualizado;;31169a34-79de-47fe-afb7-23a35970b746;UFRB;73cdfd5f-e313-42c9-a90d-38ed38260d48;PORTAL DO SERTÃO;40.0;
731;atualizado;;ca9f33df-c3a4-4512-abb8-33a55d558d94;UFRB;73cdfd5f-e313-42c9-a90d-38ed38260d48;PORTAL DO SERTÃO;40.0;
732;atualizado;;48fcf922-4d5b-40b9-a692-53b747701c19;UFRB;73cdfd5f-e313-42c9-a90d-38ed38260d48;PORTAL DO SERTÃO;40.0;
733;atualizado;;dbe12284-d46c-42f0-819b-2fa34c23ab3f;UFRB;73cdfd5f-e313-42c9-a90d-38ed38260d48;PORTAL DO SERTÃO;40.0;
734;atualizado;;111cf6d9-3804-4a4f-8df8-caee129d4670;UFRB;73cdfd5f-e313-42c9-a90d-38ed38260d48;PORTAL DO SERTÃO;40.0;
735;atualizado;;a799bc81-c905-46ea-b1ea-0285579e394e;UFRB;73cdfd5f-e313-42c9-a90d-38ed38260d48;PORTAL DO SERTÃO;40.0;
736;atualizado;;ecc505c8-4b94-4cd1-8304-88eedee8e29b;UFRB;73cdfd5f-e313-42c9-a90d-38ed38260d48;PORTAL DO SERTÃO;40.0;
737;atualizado;;2df8a875-7b16-40b5-a1a5-425143208a15;UFRB;73cdfd5f-e313-42c9-a90d-38ed38260d48;PORTAL DO SERTÃO;40.0;
738;atualizado;;d424888e-771a-4bdd-a862-423ced934ed4;UFRB;73cdfd5f-e313-42c9-a90d-38ed38260d48;PORTAL DO SERTÃO;40.0;
739;atualizado;;7b346903-3bff-4fb2-8bdc-cab4534c19ff;UFRB;73cdfd5f-e313-42c9-a90d-38ed38260d48;PORTAL DO SERTÃO;40.0;
740;ignorado;Pesquisador vinculado a outra universidade.;;UFRB;73cdfd5f-e313-42c9-a90d-38ed38260d48;;;
741;atualizado;;6e6507ed-88ea-4b40-9670-b926c4eb1a45;UFRB;73cdfd5f-e313-42c9-a90d-38ed38260d48;PORTAL DO SERTÃO;40.0;
742;atualizado;;c55e1bda-90ca-4a35-8e7e-bd3238ad108c;UFRB;73cdfd5f-e313-42c9-a90d-38ed38260d48;PORTAL DO SERTÃO;40.0;
743;atualizado;;cfa633bd-99d5-442e-b465-d4b7bc3eb7b6;UFRB;73cdfd5f-e313-42c9-a90d-38ed38260d48;PORTAL DO SERTÃO;40.0;
744;atualizado;;a953447f-1525-4ac0-a82b-23e86735df71;UFRB;73cdfd5f-e313-42c9-a90d-38ed38260d48;PORTAL DO SERTÃO;40.0;
745;atualizado;;98e32861-cf6f-4dfe-8061-423072ad8749;UFRB;73cdfd5f-e313-42c9-a90d-38ed38260d48;PORTAL DO SERTÃO;40.0;
746;atualizado;;abe1a5bf-16ec-4da3-8ce1-ff20929190b8;UFRB;73cdfd5f-e313-42c9-a90d-38ed38260d48;PORTAL DO SERTÃO;40.0;
747;atualizado;;0d108933-6d4f-4841-a48f-235b218cb507;UFRB;73cdfd5f-e313-42c9-a90d-38ed38260d48;PORTAL DO SERTÃO;40.0;
748;atualizado;;a991c932-e5ab-4dd0-a03e-d219148edc0f;UFRB;73cdfd5f-e313-42c9-a90d-38ed38260d48;PORTAL DO SERTÃO;40.0;
749;atualizado;;d56106de-231a-49a4-b7a0-5ae289f3dbc3;UFRB;73cdfd5f-e313-42c9-a90d-38ed38260d48;PORTAL DO SERTÃO;40.0;
750;atualizado;;01129bc7-f020-43ea-8c12-baeeba50533c;UFRB;73cdfd5f-e313-42c9-a90d-38ed38260d48;PORTAL DO SERTÃO;40.0;
751;atualizado;;2bad097c-825f-4205-a474-adeb5ce1ac53;UFRB;73cdfd5f-e313-42c9-a90d-38ed38260d48;PORTAL DO SERTÃO;40.0;
752;atualizado;;25dadad5-e9bd-4b5a-88ea-11c402c23621;UFRB;73cdfd5f-e313-42c9-a90d-38ed38260d48;PORTAL DO SERTÃO;40.0;
753;atualizado;;e9c0a4ea-5cdf-414e-a7cf-00a783b3fdb5;UFRB;73cdfd5f-e313-42c9-a90d-38ed38260d48;PORTAL DO SERTÃO;40.0;
754;atualizado;;b30c8367-8a3a-4607-abb8-756b082928f6;UFRB;73cdfd5f-e313-42c9-a90d-38ed38260d48;PORTAL DO SERTÃO;40.0;
755;atualizado;;e38092b0-8e1f-4a1f-9d00-cc3fc12bd4ac;UFRB;73cdfd5f-e313-42c9-a90d-38ed38260d48;PORTAL DO SERTÃO;40.0;
756;atualizado;;89087ab7-76fe-4e0e-922c-8dd025497e74;UFRB;73cdfd5f-e313-42c9-a90d-38ed38260d48;PORTAL DO SERTÃO;40.0;
757;atualizado;;d07d7769-8e6d-4729-aeee-a28e02f8be6d;UFRB;73cdfd5f-e313-42c9-a90d-38ed38260d48;PORTAL DO SERTÃO;40.0;
758;atualizado;;5e8a0260-cbbc-4e61-9605-8bb6932da735;UFRB;73cdfd5f-e313-42c9-a90d-38ed38260d48;PORTAL DO SERTÃO;40.0;
759;atualizado;;f103179e-9c8a-4370-9f60-ca197aba06f0;UFRB;73cdfd5f-e313-42c9-a90d-38ed38260d48;PORTAL DO SERTÃO;40.0;
760;atualizado;;34ef4c1e-f2b5-4403-ac25-0a4fbd913b9c;UFRB;73cdfd5f-e313-42c9-a90d-38ed38260d48;PORTAL DO SERTÃO;40.0;
761;atualizado;;ae2b2968-d86b-493b-88b4-12fbb722e823;UFRB;73cdfd5f-e313-42c9-a90d-38ed38260d48;PORTAL DO SERTÃO;40.0;
762;atualizado;;34aafe00-f4d9-4665-8f2c-b2c04a786b11;UFRB;73cdfd5f-e313-42c9-a90d-38ed38260d48;PORTAL DO SERTÃO;40.0;
763;atualizado;;9f76c9ff-a2ce-442c-9f18-c788a94266ad;UFRB;73cdfd5f-e313-42c9-a90d-38ed38260d48;PORTAL DO SERTÃO;40.0;
764;atualizado;;6b9d70c9-b00f-4f8f-a0a6-4e29ab9fcab3;UFRB;73cdfd5f-e313-42c9-a90d-38ed38260d48;PORTAL DO SERTÃO;40.0;
765;atualizado;;c0f2dd92-3331-42cb-912b-e2b9d2a0f377;UFRB;73cdfd5f-e313-42c9-a90d-38ed38260d48;PORTAL DO SERTÃO;40.0;
766;atualizado;;62c4a63f-90af-4fc2-ae32-1dbca270ebad;UFRB;73cdfd5f-e313-42c9-a90d-38ed38260d48;PORTAL DO SERTÃO;40.0;
767;atualizado;;b0afd768-3895-4f15-a933-422a72871f9f;UFRB;73cdfd5f-e313-42c9-a90d-38ed38260d48;PORTAL DO SERTÃO;40.0;
768;atualizado;;11b6cad0-89bb-43b5-8dd0-c3c03f853228;UFRB;73cdfd5f-e313-42c9-a90d-38ed38260d48;PORTAL DO SERTÃO;40.0;
769;atualizado;;f00f8514-1329-4ffa-90e9-4ff1fe406d13;UFRB;73cdfd5f-e313-42c9-a90d-38ed38260d48;PORTAL DO SERTÃO;40.0;
770;atualizado;;4234e83a-f14b-4f06-8621-da9b6a6ad57a;UFRB;73cdfd5f-e313-42c9-a90d-38ed38260d48;PORTAL DO SERTÃO;40.0;
771;atualizado;;ad3db684-5f9b-404a-8e1b-34a7e490ffac;UFRB;73cdfd5f-e313-42c9-a90d-38ed38260d48;PORTAL DO SERTÃO;40.0;
772;atualizado;;d5f783d0-5500-49d4-917d-957128d70b51;UFRB;73cdfd5f-e313-42c9-a90d-38ed38260d48;VALE DO JIQUIRIÇÁ;40.0;
773;atualizado;;7cf8229e-317d-433c-9db8-a006a05f919f;UFRB;73cdfd5f-e313-42c9-a90d-38ed38260d48;VALE DO JIQUIRIÇÁ;40.0;
774;atualizado;;a3b41f23-5827-410a-9aa9-51415ced827b;UFRB;73cdfd5f-e313-42c9-a90d-38ed38260d48;VALE DO JIQUIRIÇÁ;40.0;
775;atualizado;;95e01b2d-78d1-4f4c-b3f2-75a6e3deeb4b;UFRB;73cdfd5f-e313-42c9-a90d-38ed38260d48;VALE DO JIQUIRIÇÁ;40.0;
776;atualizado;;1e077086-5f8d-4f0f-b472-82f122387263;UFRB;73cdfd5f-e313-42c9-a90d-38ed38260d48;VALE DO JIQUIRIÇÁ;40.0;
777;atualizado;;d76534e0-a022-4745-8fca-3d86a82d7f6b;UFRB;73cdfd5f-e313-42c9-a90d-38ed38260d48;VALE DO JIQUIRIÇÁ;40.0;
778;atualizado;;a83440e1-bea2-4655-a270-0b1cee7e5cbd;UFRB;73cdfd5f-e313-42c9-a90d-38ed38260d48;VALE DO JIQUIRIÇÁ;40.0;
779;atualizado;;61b69cf7-62a7-4c4e-acca-a7b558c5b4b2;UFRB;73cdfd5f-e313-42c9-a90d-38ed38260d48;VALE DO JIQUIRIÇÁ;40.0;
780;atualizado;;e21851f5-d630-4e2c-b421-62371804e3be;UFRB;73cdfd5f-e313-42c9-a90d-38ed38260d48;VALE DO JIQUIRIÇÁ;40.0;
781;atualizado;;82cc7144-a828-4743-bcd6-c61a80735935;UFRB;73cdfd5f-e313-42c9-a90d-38ed38260d48;VALE DO JIQUIRIÇÁ;40.0;
782;atualizado;;5ebc2385-ee72-4613-a89e-46ea8305d786;UFRB;73cdfd5f-e313-42c9-a90d-38ed38260d48;VALE DO JIQUIRIÇÁ;40.0;
783;atualizado;;9e32999d-7ec5-4ce1-aed3-f7dc8333939b;UFRB;73cdfd5f-e313-42c9-a90d-38ed38260d48;VALE DO JIQUIRIÇÁ;40.0;
784;atualizado;;a22360e5-77eb-4728-b515-bb664b5bf3ba;UFRB;73cdfd5f-e313-42c9-a90d-38ed38260d48;VALE DO JIQUIRIÇÁ;40.0;
785;atualizado;;c1fcd43d-506d-4ba9-ad2e-e9c9b420eab1;UFRB;73cdfd5f-e313-42c9-a90d-38ed38260d48;VALE DO JIQUIRIÇÁ;40.0;
786;atualizado;;a0998acb-a427-4c16-89c9-27151a8e210d;UFRB;73cdfd5f-e313-42c9-a90d-38ed38260d48;VALE DO JIQUIRIÇÁ;40.0;
787;atualizado;;fbe84db5-7f7e-4768-8859-2a0bca4b3083;UFRB;73cdfd5f-e313-42c9-a90d-38ed38260d48;VALE DO JIQUIRIÇÁ;40.0;
788;atualizado;;46f3c153-5606-466b-b348-2c4b02b95726;UFRB;73cdfd5f-e313-42c9-a90d-38ed38260d48;VALE DO JIQUIRIÇÁ;40.0;
789;atualizado;;11c1ba16-5e05-4780-aa47-6f42c02d40ca;UFRB;73cdfd5f-e313-42c9-a90d-38ed38260d48;VALE DO JIQUIRIÇÁ;40.0;
790;atualizado;;6bb9e5e9-e5c1-414f-979d-c7fb0dbb7d89;UFRB;73cdfd5f-e313-42c9-a90d-38ed38260d48;VALE DO JIQUIRIÇÁ;40.0;
791;atualizado;;225165b4-7871-4358-9159-c5f749b26a98;UFRB;73cdfd5f-e313-42c9-a90d-38ed38260d48;VALE DO JIQUIRIÇÁ;40.0;
792;atualizado;;bc3e0e3a-3649-4fa5-a7f8-1b71e166d782;UFRB;73cdfd5f-e313-42c9-a90d-38ed38260d48;VALE DO JIQUIRIÇÁ;40.0;
793;atualizado;;35d363fd-356d-40e1-8b11-cacf1a12fbf7;UFRB;73cdfd5f-e313-42c9-a90d-38ed38260d48;VALE DO JIQUIRIÇÁ;40.0;
794;atualizado;;99c31780-e58b-424a-a298-f65d88b29a2a;UFRB;73cdfd5f-e313-42c9-a90d-38ed38260d48;VALE DO JIQUIRIÇÁ;40.0;
795;atualizado;;5f38b37b-8905-4324-a076-f90b6915e06c;UFRB;73cdfd5f-e313-42c9-a90d-38ed38260d48;VALE DO JIQUIRIÇÁ;40.0;
796;atualizado;;e2cae387-83fc-4377-9111-a7166b45e7ab;UFRB;73cdfd5f-e313-42c9-a90d-38ed38260d48;VALE DO JIQUIRIÇÁ;40.0;
797;atualizado;;0a2e0a0b-9ea1-4a89-8968-f7ea22f63836;UFRB;73cdfd5f-e313-42c9-a90d-38ed38260d48;VALE DO JIQUIRIÇÁ;40.0;
798;atualizado;;039ff217-8815-466a-98e8-2236e76949c5;UFRB;73cdfd5f-e313-42c9-a90d-38ed38260d48;VALE DO JIQUIRIÇÁ;40.0;
799;atualizado;;f87caf3b-a04c-42f2-94df-4bc54244aadd;UFRB;73cdfd5f-e313-42c9-a90d-38ed38260d48;VALE DO JIQUIRIÇÁ;40.0;
800;atualizado;;21d46d1c-1c79-4298-98fa-98c4ac84bd6f;UFRB;73cdfd5f-e313-42c9-a90d-38ed38260d48;VALE DO JIQUIRIÇÁ;40.0;
801;atualizado;;6be30d06-b6b5-4543-a8ca-9d72bc9bf509;UFRB;73cdfd5f-e313-42c9-a90d-38ed38260d48;VALE DO JIQUIRIÇÁ;40.0;
802;atualizado;;9ab20c67-f081-4ef8-b3cb-47ca99e68199;UFRB;73cdfd5f-e313-42c9-a90d-38ed38260d48;VALE DO JIQUIRIÇÁ;40.0;
803;atualizado;;66a7aee5-4a41-4de2-ada1-b78e9713b170;UFRB;73cdfd5f-e313-42c9-a90d-38ed38260d48;VALE DO JIQUIRIÇÁ;40.0;
804;atualizado;;23eda8a6-8c9a-436a-8289-ea6cf4719eb6;UFRB;73cdfd5f-e313-42c9-a90d-38ed38260d48;VALE DO JIQUIRIÇÁ;40.0;
805;atualizado;;fe2513f5-2911-4cc8-97b7-555cd16141c4;UFRB;73cdfd5f-e313-42c9-a90d-38ed38260d48;VALE DO JIQUIRIÇÁ;40.0;
806;atualizado;;7fbd01f1-ce82-4785-913d-f3397a16a8c9;UFRB;73cdfd5f-e313-42c9-a90d-38ed38260d48;VALE DO JIQUIRIÇÁ;40.0;
807;atualizado;;08ea5a80-144d-4dbd-a116-f09a4f4aa3e3;UFRB;73cdfd5f-e313-42c9-a90d-38ed38260d48;VALE DO JIQUIRIÇÁ;40.0;
808;atualizado;;e9089eb2-75cc-4565-ac05-c0f9567a35fe;UFRB;73cdfd5f-e313-42c9-a90d-38ed38260d48;VALE DO JIQUIRIÇÁ;40.0;
809;atualizado;;f3c7717f-fab2-4390-a5cf-70a165070b82;UFRB;73cdfd5f-e313-42c9-a90d-38ed38260d48;VALE DO JIQUIRIÇÁ;40.0;
810;atualizado;;71e3c79e-896a-4144-961c-0046850ab728;UFRB;73cdfd5f-e313-42c9-a90d-38ed38260d48;VALE DO JIQUIRIÇÁ;40.0;
811;atualizado;;9bfb9448-bcaa-48aa-8e2f-219f2826c2bc;UFRB;73cdfd5f-e313-42c9-a90d-38ed38260d48;VALE DO JIQUIRIÇÁ;40.0;
812;atualizado;;2119addf-812a-4de8-a7f0-a12e09bc399e;UFRB;73cdfd5f-e313-42c9-a90d-38ed38260d48;VALE DO JIQUIRIÇÁ;40.0;
813;atualizado;;727cd4b3-94d0-43fe-be12-1aa90d26381b;UFRB;73cdfd5f-e313-42c9-a90d-38ed38260d48;VALE DO JIQUIRIÇÁ;40.0;
814;atualizado;;1e9efecf-4472-4c11-bb07-1104dfb15812;UFRB;73cdfd5f-e313-42c9-a90d-38ed38260d48;VALE DO JIQUIRIÇÁ;40.0;
815;atualizado;;19874a18-30c5-444d-9149-9de98553a87e;UFRB;73cdfd5f-e313-42c9-a90d-38ed38260d48;VALE DO JIQUIRIÇÁ;40.0;
816;atualizado;;9970681c-c564-4b31-8fdd-ea8ba4aedd21;UFRB;73cdfd5f-e313-42c9-a90d-38ed38260d48;VALE DO JIQUIRIÇÁ;40.0;
817;atualizado;;a365aad2-9d0d-4766-96bd-61bedeae377c;UFRB;73cdfd5f-e313-42c9-a90d-38ed38260d48;VALE DO JIQUIRIÇÁ;40.0;
818;atualizado;;693bada8-ca7f-4ff5-9066-247b9161216d;UFRB;73cdfd5f-e313-42c9-a90d-38ed38260d48;VALE DO JIQUIRIÇÁ;40.0;
819;atualizado;;f777aea9-6a1e-439c-a184-59ac75120678;UFRB;73cdfd5f-e313-42c9-a90d-38ed38260d48;VALE DO JIQUIRIÇÁ;40.0;
820;atualizado;;4660b189-4497-4c8c-ad72-d2d4ff964eb9;UFRB;73cdfd5f-e313-42c9-a90d-38ed38260d48;VALE DO JIQUIRIÇÁ;40.0;
821;atualizado;;821a6cee-d7d7-4b1f-b95a-690eb223d30a;UFRB;73cdfd5f-e313-42c9-a90d-38ed38260d48;VALE DO JIQUIRIÇÁ;40.0;
822;atualizado;;8d4773ea-9965-475b-aa44-76175ce05f2a;UFRB;73cdfd5f-e313-42c9-a90d-38ed38260d48;VALE DO JIQUIRIÇÁ;40.0;
823;atualizado;;51934c4f-397c-470e-a79f-78b961553f07;UFRB;73cdfd5f-e313-42c9-a90d-38ed38260d48;VALE DO JIQUIRIÇÁ;40.0;
824;atualizado;;0ef9996f-b0ea-44ed-bbce-63dfcb790581;UFRB;73cdfd5f-e313-42c9-a90d-38ed38260d48;VALE DO JIQUIRIÇÁ;40.0;
825;atualizado;;e3d33ab6-7688-406e-80a7-8b46072b8ace;UFRB;73cdfd5f-e313-42c9-a90d-38ed38260d48;VALE DO JIQUIRIÇÁ;40.0;
826;atualizado;;f24d8e2c-4b81-4396-8f04-0d02509ac9c9;UFRB;73cdfd5f-e313-42c9-a90d-38ed38260d48;VALE DO JIQUIRIÇÁ;40.0;
827;atualizado;;83ce6aaa-2293-4d17-a5ac-c1d3def104d4;UFRB;73cdfd5f-e313-42c9-a90d-38ed38260d48;VALE DO JIQUIRIÇÁ;40.0;
828;atualizado;;cde6e02f-5387-47bc-80f0-e5595e9d7f3c;UFRB;73cdfd5f-e313-42c9-a90d-38ed38260d48;VALE DO JIQUIRIÇÁ;40.0;
829;atualizado;;47e899cb-aaea-4e01-95f2-da7de953af7f;UFRB;73cdfd5f-e313-42c9-a90d-38ed38260d48;VALE DO JIQUIRIÇÁ;40.0;
830;atualizado;;262f8b26-6665-413f-92d7-1e8323489198;UFRB;73cdfd5f-e313-42c9-a90d-38ed38260d48;VALE DO JIQUIRIÇÁ;40.0;
831;atualizado;;6d492455-c5a3-4262-9e13-8c302f20d526;UFRB;73cdfd5f-e313-42c9-a90d-38ed38260d48;VALE DO JIQUIRIÇÁ;40.0;
832;atualizado;;966e6590-db2b-478d-aedf-ddc57c19a9cb;UFRB;73cdfd5f-e313-42c9-a90d-38ed38260d48;VALE DO JIQUIRIÇÁ;40.0;
833;atualizado;;3596c904-9e20-42b4-a034-2800ed6a6e4b;UFRB;73cdfd5f-e313-42c9-a90d-38ed38260d48;VALE DO JIQUIRIÇÁ;40.0;
834;atualizado;;5114f008-a5ea-47f6-9f0e-3a05483466b5;UFRB;73cdfd5f-e313-42c9-a90d-38ed38260d48;VALE DO JIQUIRIÇÁ;40.0;
835;atualizado;;405fb8fa-4ee1-4dc8-9771-fc08969df54b;UFRB;73cdfd5f-e313-42c9-a90d-38ed38260d48;VALE DO JIQUIRIÇÁ;40.0;
836;atualizado;;aabb958f-85a9-40fc-b925-a36cc8d1721f;UFRB;73cdfd5f-e313-42c9-a90d-38ed38260d48;VALE DO JIQUIRIÇÁ;40.0;
837;atualizado;;89d479ff-cc34-4aea-9fbe-1dbea25060a6;UFRB;73cdfd5f-e313-42c9-a90d-38ed38260d48;VALE DO JIQUIRIÇÁ;40.0;
838;atualizado;;8dfe49aa-dde9-4c15-9744-9baa87ab58d7;UFRB;73cdfd5f-e313-42c9-a90d-38ed38260d48;VALE DO JIQUIRIÇÁ;40.0;
839;atualizado;;5fc2caae-7ce3-4c06-90d3-111d64656b7a;UFRB;73cdfd5f-e313-42c9-a90d-38ed38260d48;VALE DO JIQUIRIÇÁ;40.0;
840;atualizado;;df51fcd8-e7c4-4011-9e0c-21645c5b2fb7;UFRB;73cdfd5f-e313-42c9-a90d-38ed38260d48;VALE DO JIQUIRIÇÁ;40.0;
841;atualizado;;04a0d901-efb3-4594-90bd-eb02f9e21ba5;UFRB;73cdfd5f-e313-42c9-a90d-38ed38260d48;VALE DO JIQUIRIÇÁ;40.0;
842;atualizado;;0570a456-c844-4e08-a02d-5c70d98e7e7c;UFRB;73cdfd5f-e313-42c9-a90d-38ed38260d48;VALE DO JIQUIRIÇÁ;40.0;
843;atualizado;;0914b2c9-7de7-4608-961f-3bd02d98498e;UFRB;73cdfd5f-e313-42c9-a90d-38ed38260d48;VALE DO JIQUIRIÇÁ;40.0;
844;atualizado;;7c4c8ee1-a3fd-4177-8bf1-ffc21e340c07;UFRB;73cdfd5f-e313-42c9-a90d-38ed38260d48;VALE DO JIQUIRIÇÁ;40.0;
845;atualizado;;7763b2f7-e031-49df-b4c0-2cc03bed039a;UFRB;73cdfd5f-e313-42c9-a90d-38ed38260d48;VALE DO JIQUIRIÇÁ;40.0;
846;atualizado;;90867464-7730-4d43-a52a-02df9a5a1ced;UFRB;73cdfd5f-e313-42c9-a90d-38ed38260d48;VALE DO JIQUIRIÇÁ;40.0;
847;atualizado;;d96de342-f2c5-429d-8a51-55333f4d788a;UFRB;73cdfd5f-e313-42c9-a90d-38ed38260d48;VALE DO JIQUIRIÇÁ;40.0;
848;atualizado;;acd27f5e-c6f3-44f7-bc88-81384ed87f73;UFRB;73cdfd5f-e313-42c9-a90d-38ed38260d48;VALE DO JIQUIRIÇÁ;40.0;
849;atualizado;;82e1f568-f752-4a3c-8966-9f2f38e264d6;UFRB;73cdfd5f-e313-42c9-a90d-38ed38260d48;VALE DO JIQUIRIÇÁ;40.0;
850;atualizado;;86a9989e-0248-4a3a-9433-5ccf306f7386;UFRB;73cdfd5f-e313-42c9-a90d-38ed38260d48;VALE DO JIQUIRIÇÁ;40.0;
851;atualizado;;b9914f8b-8437-49fd-a7dd-940d9356e8e7;UFRB;73cdfd5f-e313-42c9-a90d-38ed38260d48;VALE DO JIQUIRIÇÁ;40.0;
852;atualizado;;0e626a75-8e64-4bd5-874e-a26e54d246a3;UFRB;73cdfd5f-e313-42c9-a90d-38ed38260d48;VALE DO JIQUIRIÇÁ;40.0;
853;atualizado;;49217dad-370e-4103-b2e8-15af32a8ccd6;UFRB;73cdfd5f-e313-42c9-a90d-38ed38260d48;VALE DO JIQUIRIÇÁ;40.0;
854;atualizado;;1abe630d-7585-4e98-8bce-51b2610af8ba;UFRB;73cdfd5f-e313-42c9-a90d-38ed38260d48;VALE DO JIQUIRIÇÁ;40.0;
855;atualizado;;a724f99d-ce25-497f-810e-82d19299538f;UFRB;73cdfd5f-e313-42c9-a90d-38ed38260d48;VALE DO JIQUIRIÇÁ;40.0;
856;atualizado;;d45bd094-d511-4242-8a17-265ae74b7ecd;UFRB;73cdfd5f-e313-42c9-a90d-38ed38260d48;VALE DO JIQUIRIÇÁ;40.0;
857;atualizado;;2798b402-4d51-40d6-bb28-501bb07e5403;UFRB;73cdfd5f-e313-42c9-a90d-38ed38260d48;VALE DO JIQUIRIÇÁ;40.0;
858;atualizado;;99c68cb6-dede-452f-84a3-f9ec47911070;UFRB;73cdfd5f-e313-42c9-a90d-38ed38260d48;VALE DO JIQUIRIÇÁ;40.0;
859;ignorado;Pesquisador vinculado a outra universidade.;;UFRB;73cdfd5f-e313-42c9-a90d-38ed38260d48;;;
860;atualizado;;8816335d-b0fc-471e-8e46-1de3f68765f7;UFRB;73cdfd5f-e313-42c9-a90d-38ed38260d48;VALE DO JIQUIRIÇÁ;40.0;
861;atualizado;;a7b9078c-bc8a-4fd5-af86-7e3ee713326c;UFRB;73cdfd5f-e313-42c9-a90d-38ed38260d48;VALE DO JIQUIRIÇÁ;40.0;
862;atualizado;;8a11a8af-47a3-4f5f-9190-7e628e3f4bc6;UFRB;73cdfd5f-e313-42c9-a90d-38ed38260d48;VALE DO JIQUIRIÇÁ;40.0;
863;atualizado;;2276445d-72e6-49cd-990e-fdd7773f0907;UFRB;73cdfd5f-e313-42c9-a90d-38ed38260d48;VALE DO JIQUIRIÇÁ;40.0;
864;atualizado;;7c87796f-e2d4-421f-aff7-d4491327da43;UFRB;73cdfd5f-e313-42c9-a90d-38ed38260d48;VALE DO JIQUIRIÇÁ;40.0;
865;atualizado;;7a1f0705-ce56-431d-80a6-1398586f4fb3;UFRB;73cdfd5f-e313-42c9-a90d-38ed38260d48;VALE DO JIQUIRIÇÁ;40.0;
866;atualizado;;5d3d50cf-6453-47a5-a25b-6385dd6a3957;UFRB;73cdfd5f-e313-42c9-a90d-38ed38260d48;VALE DO JIQUIRIÇÁ;40.0;
867;atualizado;;ab747032-8b08-4d54-b69e-44eb0b737b93;UFRB;73cdfd5f-e313-42c9-a90d-38ed38260d48;VALE DO JIQUIRIÇÁ;40.0;
868;atualizado;;2350aa3f-cde7-4cb0-bd4e-c89e652391be;UFRB;73cdfd5f-e313-42c9-a90d-38ed38260d48;VALE DO JIQUIRIÇÁ;40.0;
869;atualizado;;f8abecd6-366a-485b-8d35-8750383ca932;UFRB;73cdfd5f-e313-42c9-a90d-38ed38260d48;VALE DO JIQUIRIÇÁ;40.0;
870;atualizado;;6512d433-3d0f-4aee-a618-e5ce1144e537;UFRB;73cdfd5f-e313-42c9-a90d-38ed38260d48;VALE DO JIQUIRIÇÁ;40.0;
871;atualizado;;cf08d513-b2cf-44d2-999b-103680191fff;UFRB;73cdfd5f-e313-42c9-a90d-38ed38260d48;VALE DO JIQUIRIÇÁ;40.0;
872;atualizado;;f47ce655-4616-4336-baac-19c46c62e740;UFRB;73cdfd5f-e313-42c9-a90d-38ed38260d48;VALE DO JIQUIRIÇÁ;40.0;
873;atualizado;;902da1bb-bebe-4e12-a8af-decbc858ce9f;UFRB;73cdfd5f-e313-42c9-a90d-38ed38260d48;VALE DO JIQUIRIÇÁ;40.0;
874;atualizado;;8671e95b-b509-4873-a8c1-3f3f4228c3ec;UFRB;73cdfd5f-e313-42c9-a90d-38ed38260d48;VALE DO JIQUIRIÇÁ;40.0;
875;atualizado;;d4800376-f98d-4296-8c3d-3d2100ff37f9;UFRB;73cdfd5f-e313-42c9-a90d-38ed38260d48;VALE DO JIQUIRIÇÁ;40.0;
876;atualizado;;9187e3cb-3e90-465b-ac88-ac30adfb146e;UFRB;73cdfd5f-e313-42c9-a90d-38ed38260d48;VALE DO JIQUIRIÇÁ;40.0;
877;atualizado;;6b2107b3-644b-4f84-b06f-669f7ae3e3f5;UFRB;73cdfd5f-e313-42c9-a90d-38ed38260d48;VALE DO JIQUIRIÇÁ;40.0;
878;atualizado;;8e561af9-e8a7-4c97-9fd2-671b2d5e63f4;UFRB;73cdfd5f-e313-42c9-a90d-38ed38260d48;VALE DO JIQUIRIÇÁ;40.0;
879;atualizado;;692283be-4062-486e-8c54-d8f733306f01;UFRB;73cdfd5f-e313-42c9-a90d-38ed38260d48;VALE DO JIQUIRIÇÁ;40.0;
880;atualizado;;13c9fef0-a53d-4469-86b3-326c1f54b1af;UFRB;73cdfd5f-e313-42c9-a90d-38ed38260d48;VALE DO JIQUIRIÇÁ;40.0;
881;ignorado;Pesquisador vinculado a outra universidade.;;UFRB;73cdfd5f-e313-42c9-a90d-38ed38260d48;;;
882;atualizado;;8e9bc1c2-88ad-4fbf-9851-48e04f14ab95;UFRB;73cdfd5f-e313-42c9-a90d-38ed38260d48;VALE DO JIQUIRIÇÁ;40.0;
883;atualizado;;21ec0799-c2d1-4be3-b812-5bb8e09674e5;UFRB;73cdfd5f-e313-42c9-a90d-38ed38260d48;VALE DO JIQUIRIÇÁ;40.0;
884;atualizado;;298a61af-a9c0-49fc-8f04-868b5bdf50df;UFRB;73cdfd5f-e313-42c9-a90d-38ed38260d48;VALE DO JIQUIRIÇÁ;40.0;
885;atualizado;;1b556af0-3113-4216-a8c0-a51d31c1ff1b;UFRB;73cdfd5f-e313-42c9-a90d-38ed38260d48;VALE DO JIQUIRIÇÁ;40.0;
886;atualizado;;92da3d95-0fc9-407a-8a9f-aa8219e7ef62;UFRB;73cdfd5f-e313-42c9-a90d-38ed38260d48;VALE DO JIQUIRIÇÁ;40.0;
887;atualizado;;77152485-9bb8-40b2-950c-14c9f75c9ea1;UFRB;73cdfd5f-e313-42c9-a90d-38ed38260d48;VALE DO JIQUIRIÇÁ;40.0;
888;atualizado;;5a9389e4-48ff-46b9-aac9-98257b36ea68;UFRB;73cdfd5f-e313-42c9-a90d-38ed38260d48;VALE DO JIQUIRIÇÁ;40.0;
889;atualizado;;2484f925-9ad7-41a5-9975-f5c23d1753f9;UFRB;73cdfd5f-e313-42c9-a90d-38ed38260d48;VALE DO JIQUIRIÇÁ;40.0;
890;atualizado;;35eaa0ff-1a5e-4d92-a006-b6b4c98bcdf7;UFRB;73cdfd5f-e313-42c9-a90d-38ed38260d48;VALE DO JIQUIRIÇÁ;40.0;
891;atualizado;;c2885eee-0812-4a08-88c8-9658a440147c;UFRB;73cdfd5f-e313-42c9-a90d-38ed38260d48;VALE DO JIQUIRIÇÁ;40.0;
892;atualizado;;49354274-d819-4069-a600-65a2c7338ea4;UFRB;73cdfd5f-e313-42c9-a90d-38ed38260d48;VALE DO JIQUIRIÇÁ;40.0;
893;atualizado;;9f4be651-1f12-436d-9287-31b2479b5196;UFRB;73cdfd5f-e313-42c9-a90d-38ed38260d48;VALE DO JIQUIRIÇÁ;40.0;
894;atualizado;;a5aa8432-b1df-45e2-b5a8-79d075f8fdb3;UFRB;73cdfd5f-e313-42c9-a90d-38ed38260d48;VALE DO JIQUIRIÇÁ;40.0;
895;atualizado;;9ef7462b-36e2-43a6-93bd-d9be12da5c08;UFRB;73cdfd5f-e313-42c9-a90d-38ed38260d48;VALE DO JIQUIRIÇÁ;40.0;
896;atualizado;;1e5126d6-2a20-4b3b-90b2-afad1b5cd97e;UFRB;73cdfd5f-e313-42c9-a90d-38ed38260d48;VALE DO JIQUIRIÇÁ;40.0;
897;atualizado;;07c67592-8cb7-4a96-9a6a-490a0cd37624;UFRB;73cdfd5f-e313-42c9-a90d-38ed38260d48;VALE DO JIQUIRIÇÁ;40.0;
898;atualizado;;d2224535-823e-45c4-afe6-c4b0b00b3987;UFRB;73cdfd5f-e313-42c9-a90d-38ed38260d48;VALE DO JIQUIRIÇÁ;40.0;
899;atualizado;;1d2232cf-f880-40ef-ae62-d34f0f0f1181;UFRB;73cdfd5f-e313-42c9-a90d-38ed38260d48;VALE DO JIQUIRIÇÁ;40.0;
900;atualizado;;9b5f7c27-b40c-4442-848f-d21fb6678ee2;UFRB;73cdfd5f-e313-42c9-a90d-38ed38260d48;VALE DO JIQUIRIÇÁ;40.0;
901;atualizado;;d0f9946f-f919-4179-8149-0f802edc8dd9;UFRB;73cdfd5f-e313-42c9-a90d-38ed38260d48;VALE DO JIQUIRIÇÁ;40.0;
902;atualizado;;5cbe5fe2-2588-42c3-a004-548a26ec53ee;UFRB;73cdfd5f-e313-42c9-a90d-38ed38260d48;VALE DO JIQUIRIÇÁ;40.0;
903;atualizado;;4aeaf357-dc8b-4f8c-9ef1-9a8ec64a5d6e;UFRB;73cdfd5f-e313-42c9-a90d-38ed38260d48;VALE DO JIQUIRIÇÁ;40.0;
904;atualizado;;5123929b-7fcf-4232-aeca-3c6fc8b47248;UFRB;73cdfd5f-e313-42c9-a90d-38ed38260d48;VALE DO JIQUIRIÇÁ;40.0;
905;atualizado;;b26367a4-94d6-4967-8751-a747043cd147;UFRB;73cdfd5f-e313-42c9-a90d-38ed38260d48;VALE DO JIQUIRIÇÁ;40.0;
906;atualizado;;a5b54f1e-95de-40c1-97c0-68cc6e3c3537;UFRB;73cdfd5f-e313-42c9-a90d-38ed38260d48;VALE DO JIQUIRIÇÁ;40.0;
907;atualizado;;5a137795-1b05-46c1-9457-987bdf187f32;UFRB;73cdfd5f-e313-42c9-a90d-38ed38260d48;VALE DO JIQUIRIÇÁ;40.0;
908;atualizado;;e3501ea5-dd9f-4737-8946-88a5a2de6a58;UFRB;73cdfd5f-e313-42c9-a90d-38ed38260d48;VALE DO JIQUIRIÇÁ;40.0;
909;atualizado;;c3a043e8-1a07-4010-821b-bbd92cf1ae19;UFRB;73cdfd5f-e313-42c9-a90d-38ed38260d48;VALE DO JIQUIRIÇÁ;40.0;
910;atualizado;;372fb416-8d21-41c6-9877-777550a2d3ae;UFRB;73cdfd5f-e313-42c9-a90d-38ed38260d48;VALE DO JIQUIRIÇÁ;40.0;
911;atualizado;;a3d390d2-a46a-4314-9582-1c339dcec7eb;UFRB;73cdfd5f-e313-42c9-a90d-38ed38260d48;VALE DO JIQUIRIÇÁ;40.0;
912;atualizado;;bfb06563-eca6-49e5-8773-f87b768fab41;UFRB;73cdfd5f-e313-42c9-a90d-38ed38260d48;RECÔNCAVO;40.0;c55a0ad5-b17d-4b40-b22f-836d5e5bf4c3
